,Symbol,Current_Price,Engullfin,Trustinline,TweezerBottom,RsiComparator,RsiComparatorTreand,ConsolNarrowRange,BreakoutNarrowRange,BreakoutWideRange,LifeTimeHighZone,VPConvergence,VPDivergence,SellingClimax,PickVolumeBreakout
0,3MINDIA,23086.0,,,,,DownTrend,,,,,,,,
1,AARTIDRUGS,460.0,,,,,DownTrend,,,,Yes,Yes,,,
2,AAVAS,1878.0,,,,,DownTrend,,,,,,,,
3,ABB,2944.0,,,,,DownTrend,Yes,,,,,,,
4,ABBOTINDIA,20196.0,,,,,DownTrend,Yes,,,,,Yes,,
5,ABCAPITAL,158.0,,,,,UpTrend,Yes,,,,Yes,,,
6,ABFRL,311.0,,,,,DownTrend,,,,,,,,
7,ABSLAMC,432.0,,,,,DownTrend,,,,,,Yes,,
8,ACC,2621.0,,,,,UpTrend,,Yes,21,Yes,Yes,,,
9,ACCELYA,1618.0,,,,,DownTrend,Yes,,,,,Yes,,
10,ACE,339.0,,,,,DownTrend,,Yes,,Yes,Yes,,,
11,ADANIENT,4031.0,,,,,UpTrend,,,,Yes,Yes,,,
12,ADANIGREEN,2063.0,,,,,DownTrend,Yes,,,,,Yes,,
13,ADANIPORTS,896.0,,,,,DownTrend,,Yes,,Yes,,Yes,,
14,ADANITRANS,2773.0,,,,,DownTrend,Yes,,,,,,,
15,ADVENZYMES,315.0,,,,Yes,DownTrend,,Yes,126,,Yes,,,
16,AEGISCHEM,323.0,,,,,UpTrend,Yes,,,,,,,
17,AETHER,913.0,,,,,DownTrend,Yes,,,Yes,,,,
18,AFFLE,1217.0,,,,,DownTrend,Yes,,,,,,,
19,AGI,316.0,,,,Yes,DownTrend,Yes,,,,,Yes,,
20,AHLUCONT,452.0,,,,,DownTrend,,Yes,21,Yes,Yes,,,Yes wait for breakout of resistance => 452.79998779296875
21,AIAENG,2781.0,,,,,DownTrend,,Yes,,,,Yes,,
22,AJANTPHARM,1235.0,,,,,DownTrend,,,,,,Yes,,
23,AKZOINDIA,2301.0,,,,,DownTrend,,,,,,,,
24,ALEMBICLTD,77.0,,,,Yes,UpTrend,Yes,,,,,Yes,,
25,ALKEM,3101.0,,,,,DownTrend,,,,,,,,
26,ALKYLAMINE,2817.0,,,,,DownTrend,,,,,,,,
27,ALLCARGO,419.0,,,,,DownTrend,Yes,,,,,,,
28,ALOKINDS,15.0,,,,,DownTrend,Yes,,,,,,,
29,AMARAJABAT,660.0,,,,,DownTrend,,Yes,252,,,Yes,,
30,AMBER,2020.0,,,,,DownTrend,Yes,,,,,Yes,,
31,AMBUJACEM,581.0,,,,,DownTrend,,Yes,,,Yes,,,
32,AMIORG,968.0,,,,,DownTrend,Yes,,,,Yes,,,
33,AMRUTANJAN,703.0,,,,,DownTrend,,,,,,Yes,,
34,ANANDRATHI,708.0,,,,,DownTrend,,,,,,Yes,,
35,ANANTRAJ,100.0,,,,,DownTrend,Yes,,,,,,,
36,ANDHRSUGAR,138.0,,,,,DownTrend,,Yes,,Yes,Yes,,,
37,ANGELONE,1567.0,,,,,DownTrend,Yes,,,,,Yes,,
38,ANURAS,719.0,,,,,DownTrend,,,,,,,,
39,APARINDS,1613.0,,,,,DownTrend,,Yes,,,Yes,,,
40,APCOTEXIND,498.0,,,,,DownTrend,,Yes,,,Yes,,,
41,APLAPOLLO,1115.0,,,,,DownTrend,Yes,,,,Yes,,,
42,APLLTD,590.0,,,,,DownTrend,Yes,,,,,,,
43,APOLLOHOSP,4788.0,,,,,DownTrend,Yes,,,,,Yes,,
44,APOLLOPIPE,503.0,,,,,DownTrend,Yes,,,,,Yes,,
45,APOLLOTYRE,319.0,,,,,UpTrend,,,,,,Yes,,
46,APTUS,306.0,,,,,DownTrend,Yes,,,,,Yes,,
47,ARVIND,101.0,,,,Yes,UpTrend,Yes,,,,Yes,,,
48,ARVINDFASN,340.0,,,,,DownTrend,Yes,,,Yes,Yes,,,
49,ASAHIINDIA,606.0,,,,,DownTrend,,,,,,,,
50,ASHOKA,80.0,,,,,DownTrend,Yes,,,,,Yes,,
51,ASHOKLEY,145.0,,,,,DownTrend,,,,,,,,
52,ASIANPAINT,3161.0,,,,,DownTrend,,,,Yes,Yes,,,
53,ASTEC,1933.0,,,,,DownTrend,Yes,,,,,Yes,,
54,ASTERDM,227.0,,,,,DownTrend,Yes,,,,,,,
55,ASTRAL,2034.0,,,,,DownTrend,Yes,,,,,Yes,,
56,ASTRAMICRO,321.0,,,,,DownTrend,Yes,,,,Yes,,,Yes wait for breakout of resistance => 321.79998779296875
57,ASTRAZEN,3325.0,,,,,DownTrend,,,,Yes,,,,
58,ATGL,3696.0,,,,,DownTrend,,,,Yes,Yes,,,
59,ATUL,8694.0,,,,,DownTrend,Yes,,,,,Yes,,
60,AUBANK,649.0,,,,,UpTrend,Yes,,,,Yes,,,
61,AUROPHARMA,465.0,,,,,DownTrend,,,,,,,,
62,AUTOAXLES,1935.0,,,,,DownTrend,Yes,,,,,Yes,,
63,AVANTIFEED,401.0,,,,,DownTrend,Yes,,,,,Yes,,
64,AWL,648.0,,,,,DownTrend,,,,,Yes,,,
65,AXISBANK,904.0,,,,,DownTrend,Yes,,,,,Yes,,
66,BAJAJ-AUTO,3694.0,,,,,DownTrend,,,,Yes,,Yes,,
67,BAJAJCON,178.0,,,,Yes,UpTrend,,Yes,189,,Yes,,,Yes wait for breakout of resistance => 178.85000610351562
68,BAJAJELEC,1116.0,,,,,DownTrend,Yes,,,Yes,Yes,,,
69,BAJAJFINSV,1635.0,,,,,DownTrend,,,,,,,,
70,BAJAJHIND,16.0,,,,Yes,DownTrend,,Yes,126,,Yes,,,
71,BAJAJHLDNG,6185.0,,,,,DownTrend,Yes,,,,,,,
72,BAJFINANCE,6698.0,,,,,DownTrend,,,,,,,,
73,BALAMINES,2889.0,,,,,DownTrend,Yes,,,,,Yes,,
74,BALKRISIND,2063.0,,,,,DownTrend,Yes,,,,,Yes,,
75,BALMLAWRIE,122.0,,,,Yes,DownTrend,Yes,,,,,Yes,,
76,BALRAMCHIN,380.0,,,,Yes,DownTrend,Yes,,,,,Yes,,
77,BANDHANBNK,244.0,,,,,DownTrend,,Yes,21,,,Yes,,
78,BANKBARODA,174.0,,,,,DownTrend,,Yes,1008,,Yes,,,
79,BANKINDIA,90.0,,,,,DownTrend,,Yes,756,,Yes,,,
80,BARBEQUE,1038.0,,,,,DownTrend,Yes,,,,,,,
81,BASF,2728.0,,,,,DownTrend,,Yes,,,Yes,,,
82,BATAINDIA,1714.0,,,,,UpTrend,,,,,,Yes,,
83,BAYERCROP,4781.0,,,,,DownTrend,,Yes,21,Yes,Yes,,,
84,BBTC,1015.0,,,,,DownTrend,Yes,,,,,Yes,,
85,BCG,32.0,,,,,DownTrend,Yes,,,,,Yes,Yes,
86,BDL,959.0,,,,,DownTrend,,,,,,Yes,,
87,BECTORFOOD,434.0,,,,,DownTrend,Yes,,,,,Yes,,
88,BEL,105.0,,,,Yes,DownTrend,Yes,,,,,,,
89,BEPL,114.0,,,,,UpTrend,Yes,,,,,Yes,,
90,BERGEPAINT,618.0,,,,,DownTrend,,,,,,Yes,,
91,BESTAGRO,1674.0,,,,,UpTrend,Yes,,,,,Yes,,
92,BFUTILITIE,429.0,,,,Yes,DownTrend,,Yes,21,Yes,Yes,,,
93,BHARATFORG,841.0,,,,,DownTrend,,,,,,Yes,,
94,BHARATRAS,10170.0,,,,,UpTrend,,,,Yes,,Yes,,
95,BHARTIARTL,833.0,,,,,DownTrend,,,,,,Yes,,
96,BHEL,88.0,,,,,DownTrend,Yes,,,,,Yes,,
97,BIOCON,273.0,,,,,DownTrend,,,,,,Yes,,
98,BIRLACORPN,961.0,,,,,UpTrend,Yes,,,,,Yes,,
99,BLS,364.0,,,,,DownTrend,Yes,,,,Yes,,,
100,BLUEDART,7499.0,,,,,DownTrend,Yes,,,,,Yes,,
101,BLUESTARCO,1237.0,,,,,DownTrend,,Yes,,,,Yes,,
102,BOMDYEING,84.0,,,,,UpTrend,Yes,,,,,Yes,,
103,BOROLTD,411.0,,,,,DownTrend,Yes,,,,,,,
104,BORORENEW,539.0,,,,,DownTrend,Yes,,,,,,,
105,BOSCHLTD,17286.0,,,,,UpTrend,,Yes,21,,Yes,,,
106,BPCL,328.0,,,,Yes,DownTrend,Yes,,,,Yes,,,
107,BRIGADE,499.0,,,,,DownTrend,Yes,,,Yes,,Yes,,
108,BRITANNIA,4424.0,,,,,DownTrend,Yes,,,,,Yes,,
109,BSE,582.0,,,,,DownTrend,,Yes,,,Yes,,,
110,BSOFT,323.0,,,,Yes,DownTrend,Yes,,,,,Yes,,
111,BUTTERFLY,1556.0,,,,,DownTrend,Yes,,,,,,,
112,CAMLINFINE,154.0,,,,,DownTrend,Yes,,,,,Yes,,
113,CAMPUS,459.0,,,,Yes,DownTrend,Yes,,,,,Yes,,
114,CAMS,2269.0,,,,,DownTrend,,,,,,Yes,,
115,CANBK,318.0,,,,,DownTrend,Yes,,,,Yes,,,
116,CANFINHOME,558.0,,,,,DownTrend,Yes,,,,Yes,,,
117,CAPLIPOINT,761.0,,,,,DownTrend,Yes,,,,,Yes,,
118,CARBORUNIV,848.0,,,,,DownTrend,Yes,,,,,Yes,,
119,CARERATING,580.0,,,,,DownTrend,,Yes,189,,,Yes,,
120,CARTRADE,502.0,,,,,DownTrend,Yes,,,,,Yes,,
121,CARYSIL,515.0,,,,,DownTrend,,Yes,,Yes,,Yes,,
122,CASTROLIND,128.0,,,,,DownTrend,,,,,,,,
123,CCL,507.0,,,,,DownTrend,Yes,,,,,,,
124,CDSL,1227.0,,,,,DownTrend,,,,,,,,
125,CEATLTD,1878.0,,,,,DownTrend,Yes,,,,,Yes,,
126,CENTRALBK,26.0,,,,,DownTrend,,,252,,Yes,,,
127,CENTURYPLY,569.0,,,,,DownTrend,Yes,,,,,Yes,,
128,CENTURYTEX,796.0,,,,,DownTrend,,,,,,Yes,,
129,CERA,5287.0,,,,,DownTrend,Yes,,,,,Yes,,
130,CESC,75.0,,,,,DownTrend,Yes,,,,,Yes,,
131,CGCL,767.0,,,,,UpTrend,,Yes,126,,Yes,,,
132,CGPOWER,280.0,,,,,DownTrend,Yes,,,,,Yes,,
133,CHALET,359.0,,,,,DownTrend,Yes,,,,,Yes,,
134,CHAMBLFERT,307.0,,,,,DownTrend,Yes,,,,,Yes,,
135,CHEMPLASTS,433.0,,,,,DownTrend,Yes,,,,,Yes,,
136,CHENNPETRO,213.0,,,,,DownTrend,Yes,,,,,Yes,,
137,CHOICEIN,268.0,,,,,DownTrend,Yes,,,,,,,
138,CHOLAFIN,734.0,,,,,DownTrend,Yes,,,,,Yes,,
139,CHOLAHLDNG,599.0,,,,,UpTrend,,,,,,Yes,,
140,CIGNITITEC,554.0,,,,,DownTrend,Yes,,,,Yes,,,
141,CIPLA,1109.0,,,,,DownTrend,,,,,,,,
142,CLEAN,1565.0,,,,,DownTrend,,Yes,,Yes,Yes,,,
143,CMSINFO,334.0,,,,,DownTrend,,,,,,,,
144,COALINDIA,231.0,,,,,DownTrend,,,,Yes,,Yes,,
145,COCHINSHIP,642.0,,,,,DownTrend,Yes,,,,,,,
146,COFORGE,4079.0,,,,,DownTrend,Yes,,,,,Yes,,
147,COLPAL,1586.0,,,,,DownTrend,,,,,,Yes,,
148,CONCOR,764.0,,,,,DownTrend,Yes,,,,,Yes,,
149,CONFIPET,80.0,,,,,DownTrend,Yes,,,Yes,,Yes,,
150,COROMANDEL,915.0,,,,,DownTrend,,,,,Yes,,,
151,COSMOFIRST,820.0,,,,,DownTrend,Yes,,,,,Yes,,
152,CRAFTSMAN,3271.0,,,,,DownTrend,,Yes,,Yes,Yes,,,
153,CREDITACC,900.0,,,,,DownTrend,Yes,,,,,Yes,,
154,CRISIL,2838.0,,,,,DownTrend,Yes,,,,,,,
155,CROMPTON,362.0,,,,,DownTrend,,,,,,,,
156,CSBBANK,223.0,,,,Yes,DownTrend,,,,,Yes,,,
157,CUB,194.0,,,,Yes,UpTrend,Yes,,,,,Yes,,
158,CUMMINSIND,1449.0,,,,,UpTrend,,Yes,2510,,,Yes,,
159,CYIENT,849.0,,,,,DownTrend,Yes,,,,Yes,,,
160,DAAWAT,112.0,,,,,DownTrend,,,,,,,,
161,DABUR,592.0,,,,,DownTrend,Yes,,,,,Yes,,
162,DALBHARAT,1866.0,,,,,DownTrend,Yes,,,,Yes,,,
163,DALMIASUG,374.0,,,,Yes,UpTrend,,Yes,63,,Yes,,,
164,DATAMATICS,308.0,,,,,DownTrend,,,,,,,,
165,DATAPATTNS,1318.0,,,,,UpTrend,Yes,,,,,,,
166,DBL,237.0,,,,Yes,DownTrend,Yes,,,,,Yes,,
167,DBREALTY,101.0,,,,,DownTrend,Yes,,,,,Yes,,
168,DCAL,98.0,,,,,DownTrend,Yes,,,,,Yes,,
169,DCBBANK,132.0,,,,,DownTrend,Yes,,,,,Yes,,
170,DCMSHRIRAM,899.0,,,,,UpTrend,,,,,,Yes,,
171,DEEPAKFERT,790.0,,,,,DownTrend,Yes,,,,,,,
172,DEEPAKNTR,2238.0,,,,,UpTrend,Yes,,,,,Yes,,
173,DELHIVERY,345.0,,,,,DownTrend,Yes,,,,,Yes,,
174,DELTACORP,235.0,,,,,DownTrend,,Yes,126,,Yes,,,
175,DEN,35.0,,,,Yes,DownTrend,Yes,,,,,,,
176,DEVYANI,191.0,,,,,DownTrend,,,,,Yes,,,
177,DFMFOODS,407.0,,,,,UpTrend,Yes,,,,Yes,,,
178,DHANI,46.0,,,,,DownTrend,Yes,,,,,Yes,,
179,DHANUKA,698.0,,,,,DownTrend,,,,,,,,
180,DISHTV,21.0,,,,,UpTrend,Yes,,,,,Yes,,
181,DIVISLAB,3355.0,,,,,DownTrend,,,,,,Yes,,
182,DIXON,4328.0,,,,,DownTrend,,,,,,,,
183,DLF,414.0,,,,Yes,DownTrend,Yes,,,,,Yes,,
184,DMART,4063.0,,,,,DownTrend,,Yes,,Yes,,Yes,,
185,DOLATALGO,67.0,,,,,DownTrend,,,,,,,,
186,DOLLAR,431.0,,,,,DownTrend,,,,,Yes,,,
187,DRREDDY,4374.0,,,,,DownTrend,,,,,,,,
188,DWARKESH,100.0,,,,,UpTrend,,Yes,,,Yes,,,
189,EASEMYTRIP,55.0,,,,Yes,DownTrend,Yes,,,,,,,
190,ECLERX,1417.0,,,,,DownTrend,,,,,,,,
191,EDELWEISS,69.0,,,,Yes,DownTrend,Yes,,,,,Yes,,
192,EICHERMOT,3299.0,,,,,DownTrend,Yes,,,,,Yes,,
193,EIDPARRY,598.0,,,,,DownTrend,,,,,,,,
194,EIHOTEL,179.0,,,,,DownTrend,,Yes,,Yes,,Yes,,
195,EKC,98.0,,,,,DownTrend,Yes,,,,Yes,,,
196,ELECON,441.0,,,,,DownTrend,Yes,,,,,,,
197,ELECTCAST,39.0,,,,Yes,DownTrend,,,,,,,,
198,ELGIEQUIP,516.0,,,,,UpTrend,,Yes,21,Yes,Yes,,,
199,EMAMILTD,446.0,,,,,DownTrend,Yes,,,,Yes,,,
200,EMUDHRA,308.0,,,,,DownTrend,Yes,,,,,Yes,,
201,ENDURANCE,1473.0,,,,,DownTrend,,,,,,,,
202,ENGINERSIN,78.0,,,,,DownTrend,Yes,,,,,,,
203,EPL,162.0,,,,,DownTrend,Yes,,,,Yes,,,
204,EQUITASBNK,59.0,,,,,DownTrend,,Yes,,,Yes,,,
205,ESABINDIA,4197.0,,,,,DownTrend,,Yes,2510,,,Yes,,
206,ESCORTS,2298.0,,,,,DownTrend,Yes,,,,,Yes,,
207,ETHOSLTD,991.0,,,,,DownTrend,,Yes,,Yes,Yes,,,
208,EVEREADY,360.0,,,,,DownTrend,Yes,,,,Yes,,,
209,EXIDEIND,191.0,,,,,UpTrend,,Yes,252,,,Yes,,
210,FACT,147.0,,,,,DownTrend,Yes,,,Yes,Yes,,,
211,FAIRCHEMOR,1567.0,,,,,DownTrend,,Yes,,Yes,Yes,,,
212,FCL,317.0,,,,,DownTrend,Yes,,,,,,,
213,FDC,285.0,,,,,DownTrend,,,,Yes,,Yes,,
214,FEDERALBNK,134.0,,,,,DownTrend,,,,,Yes,,,
215,FILATEX,97.0,,,,,DownTrend,,,,,Yes,,,
216,FINCABLES,562.0,,,,,DownTrend,Yes,,,,,Yes,,
217,FINEORG,6111.0,,,,,DownTrend,,,,,,,,
218,FINOPB,233.0,,,,Yes,DownTrend,Yes,,,,,Yes,,
219,FINPIPE,172.0,,,,,UpTrend,Yes,,,,,Yes,,
220,FLUOROCHEM,3253.0,,,,,DownTrend,Yes,,,,,Yes,,
221,FORCEMOT,1550.0,,,,,DownTrend,Yes,,,,,Yes,,
222,FORTIS,291.0,,,,,DownTrend,Yes,,,,Yes,,,
223,FSL,112.0,,,,Yes,UpTrend,Yes,,,,,Yes,,
224,GABRIEL,184.0,,,,,DownTrend,Yes,,,,,Yes,,
225,GAEL,233.0,,,,,DownTrend,Yes,,,,,Yes,,
226,GAIL,93.0,,,,,DownTrend,Yes,,,,,Yes,,
227,GALAXYSURF,2796.0,,,,,DownTrend,Yes,,,Yes,,,,
228,GANESHHOUC,343.0,,,,,DownTrend,,,,,,Yes,,
229,GARFIBRES,3397.0,,,,,DownTrend,Yes,,,,,Yes,,
230,GATEWAY,68.0,,,,Yes,DownTrend,Yes,,,Yes,,,,
231,GATI,161.0,,,,,DownTrend,,,,,,,,
232,GEOJITFSL,48.0,,,,,DownTrend,,Yes,21,,,Yes,,
233,GESHIP,682.0,,,,,DownTrend,Yes,,,,,Yes,,
234,GICRE,147.0,,,,,DownTrend,Yes,,,,,Yes,,
235,GLAND,1734.0,,,,,DownTrend,Yes,,,,,,,
236,GLAXO,1328.0,,,,,DownTrend,,,,,,Yes,,
237,GLENMARK,425.0,,,,Yes,DownTrend,Yes,,,,,,,
238,GLOBUSSPR,883.0,,,,,UpTrend,Yes,,,,,Yes,,
239,GLS,433.0,,,,,DownTrend,,,,,,Yes,,
240,GMDCLTD,157.0,,,,Yes,UpTrend,Yes,,,,,Yes,,
241,GMMPFAUDLR,1902.0,,,,,DownTrend,,,,,,,,
242,GMRINFRA,43.0,,,,Yes,UpTrend,Yes,,,,Yes,,,
243,GNFC,596.0,,,,,DownTrend,Yes,,,,,Yes,,
244,GOCOLORS,1155.0,,,,,DownTrend,Yes,,,,,,,
245,GODFRYPHLP,1771.0,,,,,DownTrend,Yes,,,,,,,
246,GODREJAGRO,485.0,,,,,DownTrend,Yes,,,,,Yes,,
247,GODREJCP,885.0,,,,,UpTrend,,Yes,21,Yes,,Yes,,
248,GODREJIND,464.0,,,,,DownTrend,Yes,,,,,Yes,,
249,GODREJPROP,1343.0,,,,,UpTrend,Yes,,,,,Yes,,
250,GOKEX,378.0,,,,Yes,DownTrend,Yes,,,,Yes,,,
251,GOODYEAR,1150.0,,,,,DownTrend,Yes,,,,Yes,,,
252,GPIL,331.0,,,,Yes,UpTrend,Yes,,,,,Yes,,
253,GPPL,90.0,,,,,DownTrend,,,,,,,,
254,GRANULES,336.0,,,,,DownTrend,Yes,,,,,,,
255,GRAPHITE,400.0,,,,,DownTrend,Yes,,,,,Yes,,
256,GRASIM,1826.0,,,,,UpTrend,,Yes,,,,Yes,,
257,GRAVITA,384.0,,,,,DownTrend,,Yes,2510,,Yes,,,
258,GREAVESCOT,144.0,,,,,DownTrend,,,,,,Yes,Yes,
259,GREENPANEL,374.0,,,,,DownTrend,Yes,,,,,Yes,,
260,GREENPLY,161.0,,,,,DownTrend,,,,,,Yes,,
261,GRINDWELL,1929.0,,,,,DownTrend,,,,,,,,
262,GRINFRA,1212.0,,,,,DownTrend,Yes,,,,,Yes,,
263,GRSE,518.0,,,,,DownTrend,Yes,,,,,Yes,,
264,GRWRHITECH,706.0,,,,,DownTrend,Yes,,,,,Yes,,
265,GSFC,132.0,,,,,DownTrend,Yes,,,,,Yes,,
266,GSPL,266.0,,,,Yes,DownTrend,Yes,,,,Yes,,,
267,GTLINFRA,1.0,,,,,DownTrend,Yes,,,,,,,
268,GUFICBIO,218.0,,,,,DownTrend,,Yes,,Yes,Yes,,,
269,GUJALKALI,798.0,,,,,UpTrend,,,,,Yes,,,
270,GUJGASLTD,509.0,,,,,DownTrend,,,,,,Yes,,
271,GULFOILLUB,460.0,,,,Yes,UpTrend,Yes,,,,,Yes,,
272,HAL,2758.0,,,,,UpTrend,Yes,,,,,Yes,,
273,HAPPSTMNDS,969.0,,,,,DownTrend,,,,,,Yes,,
274,HATHWAY,17.0,,,,Yes,DownTrend,Yes,,,,,Yes,,
275,HATSUN,970.0,,,,,DownTrend,,Yes,21,Yes,,Yes,,
276,HAVELLS,1222.0,,,,,DownTrend,,,,,,,,
277,HBLPOWER,109.0,,,,,DownTrend,Yes,,,,,,,
278,HCC,18.0,,,,,DownTrend,Yes,,,,,Yes,,
279,HCG,305.0,,,,Yes,DownTrend,Yes,,,,,,,
280,HCLTECH,1120.0,,,,,DownTrend,,,,,Yes,,,
281,HDFC,2684.0,,,,,DownTrend,,,,Yes,,Yes,,
282,HDFCAMC,2192.0,,,,,DownTrend,Yes,,,,,Yes,,
283,HDFCBANK,1611.0,,,,,DownTrend,,,,,Yes,,,
284,HDFCLIFE,586.0,,,,,DownTrend,Yes,,,,,Yes,,
285,HEG,1065.0,,,,,DownTrend,Yes,,,,,Yes,,
286,HEIDELBERG,207.0,,,,Yes,DownTrend,Yes,,,,Yes,,,
287,HEMIPROP,114.0,,,,Yes,DownTrend,,Yes,63,,Yes,,,
288,HERANBA,530.0,,,,,DownTrend,Yes,,,,,Yes,,
289,HERITGFOOD,336.0,,,,Yes,DownTrend,Yes,,,,,Yes,,
290,HEROMOTOCO,2798.0,,,,,DownTrend,Yes,,,,,Yes,,
291,HFCL,83.0,,,,,DownTrend,,Yes,189,,Yes,,,
292,HGINFRA,595.0,,,,,DownTrend,Yes,,,,,Yes,,
293,HGS,1377.0,,,,,UpTrend,Yes,,,,,Yes,,
294,HIKAL,351.0,,,,,DownTrend,Yes,,,Yes,Yes,,,
295,HIL,2676.0,,,,,DownTrend,Yes,,,,Yes,,,
296,HIMATSEIDE,94.0,,,,,DownTrend,Yes,,,,,,,
297,HINDALCO,470.0,,,,,DownTrend,Yes,,,,,Yes,,
298,HINDCOPPER,119.0,,,,Yes,DownTrend,Yes,,,,,Yes,,
299,HINDOILEXP,142.0,,,,,DownTrend,,,,,,Yes,,
300,HINDPETRO,224.0,,,,,DownTrend,Yes,,,,Yes,,,
301,HINDUNILVR,2654.0,,,,,DownTrend,Yes,,,Yes,Yes,,,
302,HINDWAREAP,395.0,,,,Yes,UpTrend,,Yes,21,Yes,Yes,,,
303,HINDZINC,315.0,,,,,DownTrend,,Yes,252,,,Yes,,
304,HLEGLAS,679.0,,,,,DownTrend,Yes,,,,,Yes,,
305,HNDFDS,715.0,,,,,DownTrend,Yes,,,,,Yes,,
306,HOMEFIRST,746.0,,,,,DownTrend,Yes,,,,,Yes,,
307,HONAUT,41234.0,,,,,UpTrend,Yes,,,,,Yes,,
308,HSCL,104.0,,,,Yes,DownTrend,Yes,,,,Yes,,,
309,HUDCO,51.0,,,,,DownTrend,Yes,,,,,Yes,,
310,IBREALEST,88.0,,,,Yes,DownTrend,,Yes,21,,Yes,,,
311,IBULHSGFIN,147.0,,,,Yes,DownTrend,,Yes,126,,,Yes,,
312,ICICIBANK,922.0,,,,,DownTrend,,,,,,Yes,,
313,ICICIGI,1220.0,,,,,DownTrend,Yes,,,,,Yes,,
314,ICICIPRULI,468.0,,,,,DownTrend,Yes,,,,,,,
315,ICIL,139.0,,,,,DownTrend,Yes,,,,,Yes,,
316,ICRA,4448.0,,,,,DownTrend,,Yes,1757,,,Yes,,
317,IDBI,58.0,,,,,DownTrend,,Yes,252,,Yes,,,
318,IDEA,8.0,,,,,DownTrend,,,,,,,,
319,IDFC,84.0,,,,,UpTrend,Yes,,,,,Yes,,
320,IDFCFIRSTB,60.0,,,,,UpTrend,Yes,,,,Yes,,,
321,IEX,148.0,,,,,DownTrend,Yes,,,,,Yes,,
322,IFBIND,909.0,,,,,DownTrend,Yes,,,,,,,
323,IFCI,14.0,,,,,DownTrend,Yes,,,,Yes,,,
324,IGL,439.0,,,,Yes,DownTrend,Yes,,,,,Yes,,
325,IGPL,544.0,,,,,DownTrend,,Yes,21,Yes,Yes,,,
326,IIFL,468.0,,,,,DownTrend,Yes,,,,,Yes,,
327,IIFLSEC,68.0,,,,,DownTrend,,,,,,,,
328,IIFLWAM,1771.0,,,,,DownTrend,Yes,,,,,Yes,,
329,IMFA,262.0,,,,Yes,UpTrend,Yes,,,,Yes,,,
330,INDHOTEL,327.0,,,,Yes,UpTrend,,Yes,,,,Yes,,
331,INDIACEM,249.0,,,,Yes,DownTrend,,Yes,,,,Yes,,
332,INDIAGLYCO,755.0,,,,,DownTrend,,,,,,Yes,,
333,INDIAMART,4458.0,,,,,DownTrend,Yes,,,,,,,
334,INDIANB,292.0,,,,,DownTrend,,Yes,1008,,Yes,,,
335,INDIGO,1932.0,,,,,DownTrend,Yes,,,Yes,,Yes,,
336,INDIGOPNTS,1332.0,,,,,DownTrend,,,,,,,,
337,INDOCO,397.0,,,,Yes,DownTrend,Yes,,,,Yes,,,
338,INDORAMA,56.0,,,,,DownTrend,Yes,,,,Yes,,,
339,INDOSTAR,154.0,,,,,DownTrend,Yes,,,,Yes,,,
340,INDUSINDBK,1184.0,,,,,DownTrend,Yes,,,,Yes,,,
341,INDUSTOWER,198.0,,,,,DownTrend,,,,,,,,
342,INEOSSTYRO,822.0,,,,,UpTrend,Yes,,,,,Yes,,
343,INFIBEAM,18.0,,,,Yes,DownTrend,,Yes,,Yes,Yes,,,
344,INFY,1612.0,,,,,DownTrend,Yes,,,,,Yes,,
345,INGERRAND,2140.0,,,,,DownTrend,Yes,,,,,,,
346,INOXLEISUR,563.0,,,,,DownTrend,,Yes,63,,Yes,,,
347,INOXWIND,123.0,,,,,DownTrend,Yes,,,,Yes,,,
348,INTELLECT,456.0,,,,,DownTrend,Yes,,,,,Yes,,
349,IOB,23.0,,,,,DownTrend,Yes,,,,Yes,,,
350,IOC,75.0,,,,Yes,DownTrend,Yes,,,,,Yes,,
351,IOLCP,341.0,,,,,DownTrend,Yes,,,,,Yes,,
352,IONEXCHANG,2972.0,,,,,UpTrend,,Yes,2510,,Yes,,,
353,IPCALAB,857.0,,,,,DownTrend,,,,,,,,
354,IPL,264.0,,,,,UpTrend,,,,Yes,,Yes,,
355,IRB,283.0,,,,,DownTrend,,Yes,189,,Yes,,,
356,IRCON,64.0,,,,,DownTrend,,Yes,,,,Yes,,
357,IRCTC,716.0,,,,,DownTrend,,,,,,Yes,,
358,IRFC,33.0,,,,,DownTrend,Yes,,,,,Yes,,
359,ISEC,532.0,,,,,DownTrend,,,,,,,,
360,ISGEC,519.0,,,,,DownTrend,Yes,,,,,Yes,,
361,ITC,337.0,,,"Bullish Tweezer bottom pattern ... 
 Entry on current Close and exit on next 5th candle close 
stop_loss only on days close = 334.15",,DownTrend,,,,,,,,
362,ITI,114.0,,,,,DownTrend,Yes,,,,,Yes,,
363,J&KBANK,54.0,,,,,DownTrend,,Yes,756,,Yes,,,
364,JAICORPLTD,173.0,,,,Yes,DownTrend,Yes,,,,Yes,,,
365,JAMNAAUTO,111.0,,,,,UpTrend,Yes,,,,Yes,,,
366,JBCHEPHARM,2030.0,,,,,DownTrend,Yes,,,Yes,,Yes,,
367,JBMA,424.0,,,,,DownTrend,Yes,,,,,,,
368,JCHAC,1169.0,,,,,DownTrend,Yes,,,,,Yes,,
369,JINDALPOLY,868.0,,,,,UpTrend,Yes,,,,,Yes,,
370,JINDALSAW,94.0,,,,,DownTrend,,Yes,126,,,Yes,,
371,JINDALSTEL,567.0,,,,,DownTrend,Yes,,,,,Yes,,
372,JINDWORLD,368.0,,,,,DownTrend,Yes,,,,Yes,,,
373,JISLJALEQS,33.0,,,,,DownTrend,Yes,,,,,,,
374,JKCEMENT,3177.0,,,,,DownTrend,Yes,,,,,Yes,,
375,JKIL,275.0,,,,,DownTrend,,,,,,,,
376,JKLAKSHMI,809.0,,,,,UpTrend,Yes,,,,Yes,,,
377,JKPAPER,406.0,,,,,DownTrend,,,,,,,,
378,JKTYRE,207.0,,,,,DownTrend,,Yes,2510,,,Yes,,
379,JMFINANCIL,80.0,,,,,DownTrend,Yes,,,,Yes,,,
380,JPASSOCIAT,10.0,,,,Yes,DownTrend,Yes,,,,,Yes,,
381,JPPOWER,7.0,,,,Yes,UpTrend,Yes,,,,,,,
382,JSL,197.0,,,,,UpTrend,,Yes,126,,Yes,,,Yes wait for breakout of resistance => 197.3000030517578
383,JSWENERGY,310.0,,,,,DownTrend,,,,Yes,Yes,,,
384,JSWISPL,31.0,,,,,DownTrend,Yes,,,,,Yes,,
385,JSWSTEEL,746.0,,,,,DownTrend,Yes,,,,,Yes,,
386,JUBLFOOD,555.0,,,,,DownTrend,,,,Yes,,Yes,,
387,JUBLINGREA,527.0,,,,,DownTrend,Yes,,,,,,,
388,JUBLPHARMA,371.0,,,,,DownTrend,Yes,,,,,Yes,,
389,JUSTDIAL,586.0,,,,,DownTrend,,,,,,Yes,,
390,JYOTHYLAB,208.0,,,,Yes,DownTrend,Yes,,,,Yes,,,
391,KAJARIACER,1158.0,,,,,DownTrend,Yes,,,,,Yes,,
392,KALPATPOWR,509.0,,,,,DownTrend,Yes,,,,,,,
393,KALYANKJIL,113.0,,,,Yes,DownTrend,Yes,,,,,Yes,,
394,KANSAINER,444.0,,,,,DownTrend,,,,,Yes,,,
395,KARURVYSYA,101.0,,,,,DownTrend,,,,Yes,,,,
396,KCP,124.0,,,,Yes,DownTrend,,,,Yes,,Yes,,
397,KEC,422.0,,,,,UpTrend,,,,,Yes,,,
398,KEI,1575.0,,,,,DownTrend,Yes,,,,,,,
399,KENNAMET,2663.0,,,,,DownTrend,Yes,,,,,,,
400,KIMS,1515.0,,,,,DownTrend,Yes,,,Yes,,,,
401,KIRIINDUS,484.0,,,,,DownTrend,Yes,,,,,,,
402,KIRLFER,331.0,,,,,DownTrend,,Yes,2510,,Yes,,,
403,KIRLOSENG,335.0,,,,,DownTrend,Yes,,,,,Yes,,
404,KNRCON,261.0,,,,Yes,DownTrend,Yes,,,Yes,,Yes,,
405,KOLTEPATIL,305.0,,,,,DownTrend,,,,,,Yes,,
406,KOTAKBANK,1935.0,,,,,DownTrend,,,,,,,,
407,KPITTECH,715.0,,,,,DownTrend,Yes,,,,,Yes,,
408,KPRMILL,542.0,,,,,DownTrend,Yes,,,,,,,
409,KRBL,418.0,,,,,DownTrend,Yes,,,,,Yes,,
410,KRSNAA,477.0,,,,,DownTrend,,,,,,,,
411,KSB,1939.0,,,,,DownTrend,Yes,,,Yes,,Yes,,
412,KSCL,524.0,,,,,DownTrend,,Yes,63,,Yes,,,
413,KTKBANK,154.0,,,,,DownTrend,Yes,,,,,Yes,,
414,L&TFH,93.0,,,,Yes,DownTrend,,Yes,252,,Yes,,,
415,LALPATHLAB,2486.0,,,,,UpTrend,,,,,Yes,,,
416,LAOPALA,409.0,,,,,DownTrend,Yes,,,,,Yes,,
417,LATENTVIEW,362.0,,,,,DownTrend,,,,,,Yes,,
418,LAURUSLABS,419.0,,,,,DownTrend,Yes,,,,,,,
419,LAXMIMACH,13314.0,,,,,DownTrend,,,,,Yes,,,
420,LEMONTREE,94.0,,,,,DownTrend,Yes,,,,,,,
421,LGBBROSLTD,710.0,,,,,DownTrend,,,,,,Yes,,
422,LICHSGFIN,409.0,,,,,DownTrend,,Yes,21,Yes,Yes,,,
423,LICI,651.0,,,,,DownTrend,,,,,Yes,,,
424,LINDEINDIA,3079.0,,,,,DownTrend,,,,,,Yes,,
425,LODHA,1055.0,,,,,DownTrend,Yes,,,,,Yes,,
426,LT,2093.0,,,,,DownTrend,,,,Yes,,Yes,,
427,LTIM,,,,,,,,,,,,,,
428,LTTS,4218.0,,,,,DownTrend,Yes,,,,,Yes,,
429,LUPIN,767.0,,,,,DownTrend,Yes,,,,,Yes,,
430,LUXIND,1707.0,,,,,UpTrend,,,,,Yes,,,
431,LXCHEM,312.0,,,,,DownTrend,Yes,,,,Yes,,,
432,M&M,1263.0,,,,,DownTrend,Yes,,,,,Yes,,
433,M&MFIN,239.0,,,,Yes,UpTrend,Yes,,,,,Yes,,
434,MAHABANK,28.0,,,,,DownTrend,Yes,,,Yes,Yes,,,
435,MAHINDCIE,292.0,,,,,DownTrend,,,,Yes,Yes,,,
436,MAHLIFE,386.0,,,,,DownTrend,Yes,,,,,Yes,,
437,MAHLOG,496.0,,,,,DownTrend,Yes,,,,,,,
438,MAHSCOOTER,4840.0,,,,,DownTrend,Yes,,,,,,,
439,MAHSEAMLES,392.0,,,,,DownTrend,Yes,,,Yes,,Yes,,
440,MAITHANALL,955.0,,,,,DownTrend,,,,,Yes,,,
441,MANALIPETC,83.0,,,,,UpTrend,Yes,,,,,Yes,,
442,MANAPPURAM,122.0,,,,,UpTrend,Yes,,,,,Yes,,
443,MANINFRA,80.0,,,,,DownTrend,,Yes,,Yes,Yes,,,
444,MANYAVAR,1332.0,,,,,DownTrend,Yes,,,,,,,
445,MAPMYINDIA,1192.0,,,,,DownTrend,Yes,,,,,,,
446,MARICO,502.0,,,,,DownTrend,,,,,,Yes,,
447,MARKSANS,63.0,,,,,DownTrend,,Yes,252,,Yes,,,
448,MARUTI,8717.0,,,,,DownTrend,,,,,,,,
449,MASFIN,822.0,,,,,DownTrend,Yes,,,,,,,
450,MASTEK,1794.0,,,,,DownTrend,,Yes,,,Yes,,,
451,MATRIMONY,603.0,,,,,DownTrend,,,,,,Yes,,
452,MAXHEALTH,438.0,,,,,DownTrend,Yes,,,,,Yes,,
453,MAYURUNIQ,436.0,,,,,DownTrend,Yes,,,,,,,
454,MAZDOCK,889.0,,,,,DownTrend,Yes,,,,,Yes,,
455,MCDOWELL-N,932.0,,,,,DownTrend,Yes,,,,,Yes,,
456,MCX,1560.0,,,,,DownTrend,,,,,,Yes,,
457,MEDPLUS,712.0,,,,,UpTrend,,Yes,21,Yes,Yes,,,
458,METROBRAND,831.0,,,,,DownTrend,Yes,,,,,Yes,,
459,METROPOLIS,1445.0,,,,,UpTrend,,,,,,,,
460,MFL,1244.0,,,,,DownTrend,Yes,,,,,,,
461,MFSL,713.0,,,,,DownTrend,Yes,,,,,Yes,,
462,MGL,899.0,,,,,UpTrend,,,,,,Yes,,
463,MHRIL,290.0,,,,Yes,DownTrend,,Yes,21,Yes,Yes,,,
464,MIDHANI,239.0,,,,,DownTrend,Yes,,,,,Yes,,
465,MINDACORP,219.0,,,,,UpTrend,Yes,,,,,Yes,,
466,MMFL,896.0,,,,,DownTrend,Yes,,,Yes,,Yes,,
467,MMTC,41.0,,,,Yes,DownTrend,Yes,,,,,Yes,,
468,MOIL,166.0,,,,Yes,DownTrend,Yes,,,,,Yes,,
469,MOL,112.0,,,,,DownTrend,,,,Yes,,,,
470,MOLDTKPAC,922.0,,,,,DownTrend,,Yes,,Yes,,Yes,,
471,MOREPENLAB,31.0,,,,,DownTrend,Yes,,,,Yes,,,
472,MOTHERSON,73.0,,,,,DownTrend,Yes,,,,,,,
473,MOTILALOFS,667.0,,,,,DownTrend,,,,,,,,
474,MPHASIS,2095.0,,,,,DownTrend,Yes,,,,,Yes,,
475,MRF,94516.0,,,,,UpTrend,Yes,,,,,Yes,,
476,MRPL,58.0,,,,,DownTrend,Yes,,,,,Yes,,
477,MSTCLTD,326.0,,,,,DownTrend,Yes,,,,,Yes,,
478,MSUMI,60.0,,,,Yes,DownTrend,Yes,,,,,Yes,,
479,MTARTECH,1723.0,,,,,DownTrend,Yes,,,,,Yes,,
480,MUTHOOTFIN,1115.0,,,,,DownTrend,Yes,,,,,Yes,,
481,NAM-INDIA,265.0,,,,,DownTrend,Yes,,,,Yes,,,
482,NATCOPHARM,580.0,,,,,DownTrend,,,,,Yes,,,
483,NATIONALUM,78.0,,,,Yes,DownTrend,Yes,,,,Yes,,,
484,NAUKRI,4053.0,,,,,UpTrend,Yes,,,,,Yes,,
485,NAVA,185.0,,,,,DownTrend,,,,Yes,,Yes,,
486,NAVINFLUOR,4416.0,,,,,UpTrend,,,,,,Yes,,
487,NAVNETEDUL,130.0,,,,,UpTrend,,,,Yes,,Yes,,
488,NAZARA,602.0,,,,,DownTrend,Yes,,,,,Yes,,
489,NBCC,42.0,,,,,DownTrend,Yes,,,,,Yes,,
490,NCC,79.0,,,,,DownTrend,Yes,,,,,,,
491,NEOGEN,1284.0,,,,,DownTrend,Yes,,,,,,,
492,NESCO,651.0,,,,,DownTrend,,Yes,21,Yes,Yes,,,
493,NESTLEIND,19911.0,,,,,DownTrend,,,,Yes,,Yes,,
494,NETWORK18,73.0,,,,Yes,UpTrend,Yes,,,,,Yes,,
495,NEULANDLAB,1712.0,,,,,DownTrend,Yes,,,Yes,,,,
496,NEWGEN,374.0,,,,,DownTrend,Yes,,,,Yes,,,
497,NFL,60.0,,,,Yes,DownTrend,,Yes,126,,Yes,,,
498,NH,752.0,,,,,DownTrend,,,,,,Yes,,
499,NHPC,43.0,,"Bullish TrustingLine pattern ... 
 Entry on current Close and exit on next 5th candle close 
stop_loss only on days close = 41.95",,,DownTrend,,,,,Yes,,,
500,NIACL,107.0,,,,Yes,DownTrend,Yes,,,,,Yes,,
501,NIITLTD,328.0,,,,,DownTrend,Yes,,,,,Yes,,
502,NLCINDIA,87.0,,,,,DownTrend,Yes,,,,,Yes,,
503,NOCIL,234.0,,,,,DownTrend,,,,,,Yes,,
504,NRBBEARING,146.0,,,,,DownTrend,,,,,,,,
505,NTPC,175.0,,,,Yes,DownTrend,,Yes,,Yes,,Yes,,
506,NUVOCO,398.0,,,,Yes,DownTrend,Yes,,,,,Yes,,
507,NYKAA,173.0,,,,,DownTrend,Yes,,,,,,,
508,OBEROIRLTY,944.0,,,,,DownTrend,Yes,,,,,Yes,,
509,OFSS,3132.0,,,,,DownTrend,Yes,,,,,Yes,,
510,OIL,210.0,,,,Yes,UpTrend,Yes,,,,Yes,,,
511,OLECTRA,495.0,,,,,DownTrend,Yes,,,,,,,
512,OMAXE,82.0,,,,,DownTrend,Yes,,,,,Yes,,
513,ONGC,142.0,,,,,DownTrend,Yes,,,,,Yes,,
514,OPTIEMUS,257.0,,,,,DownTrend,,Yes,21,Yes,Yes,,,
515,ORIENTCEM,129.0,,,,Yes,DownTrend,Yes,,,,,Yes,,
516,ORIENTELEC,274.0,,,,Yes,DownTrend,Yes,,,,,,,
517,ORISSAMINE,2872.0,,,,,UpTrend,Yes,,,,,Yes,,
518,PAGEIND,46988.0,,,,,DownTrend,,,,,,Yes,,
519,PAISALO,82.0,,,,Yes,DownTrend,Yes,,,,Yes,,,
520,PANAMAPET,369.0,,,,,DownTrend,Yes,,,,,Yes,,
521,PARADEEP,59.0,,,,,DownTrend,Yes,,,,,Yes,,
522,PARAS,632.0,,,,,DownTrend,,Yes,,Yes,Yes,,,
523,PATANJALI,1303.0,,,,,DownTrend,Yes,,,,,Yes,,
524,PAYTM,514.0,,,,,DownTrend,Yes,,,,,Yes,,
525,PCBL,138.0,,,,Yes,DownTrend,Yes,,,,,Yes,,
526,PERSISTENT,4135.0,,,,,DownTrend,Yes,,,,,Yes,,
527,PETRONET,214.0,,,,,DownTrend,,Yes,63,,Yes,,,
528,PFC,137.0,,,,,DownTrend,Yes,,,,,Yes,,
529,PFIZER,4568.0,,,,,DownTrend,,,,,Yes,,,
530,PGHH,14259.0,,,,,DownTrend,,,,Yes,,Yes,,
531,PGHL,4093.0,,,,,DownTrend,,,,,,,,
532,PHOENIXLTD,1460.0,,,,,DownTrend,,,,,,,,
533,PIDILITIND,2757.0,,,,,UpTrend,,Yes,,,Yes,,,
534,PIIND,3456.0,,,,,DownTrend,Yes,,,,,Yes,,
535,PNB,55.0,,,,,DownTrend,,Yes,504,,Yes,,,
536,PNBHOUSING,437.0,,,,,DownTrend,Yes,,,,,Yes,,
537,PNCINFRA,291.0,,,,,DownTrend,,Yes,,,Yes,,,Yes wait for breakout of resistance => 291.1499938964844
538,POKARNA,440.0,,,,,DownTrend,,,,,,,,
539,POLICYBZR,457.0,,,,Yes,DownTrend,Yes,,,,,Yes,,
540,POLYCAB,2706.0,,,,,UpTrend,,Yes,,,Yes,,,
541,POLYMED,953.0,,,,,DownTrend,,,,,,,,
542,POLYPLEX,1753.0,,,,,DownTrend,,,,,,,,
543,POONAWALLA,298.0,,,,,DownTrend,Yes,,,,,Yes,,
544,POWERGRID,223.0,,,,,DownTrend,,,,Yes,Yes,,,
545,POWERINDIA,2990.0,,,,,DownTrend,,,,,Yes,,,
546,PRAJIND,382.0,,,,,DownTrend,Yes,,,,,,,
547,PRESTIGE,489.0,,,,Yes,DownTrend,Yes,,,,Yes,,,
548,PRINCEPIPE,632.0,,,,,UpTrend,,Yes,63,,Yes,,,
549,PRIVISCL,1192.0,,,,,DownTrend,Yes,,,,,,,
550,PRSMJOHNSN,122.0,,,,,DownTrend,Yes,,,,,,,
551,PRUDENT,994.0,,,,,UpTrend,,Yes,2510,,Yes,,,
552,PSPPROJECT,634.0,,,,,DownTrend,,,,,Yes,,,
553,PVR,1917.0,,,,,DownTrend,,Yes,21,Yes,,Yes,,
554,QUESS,449.0,,,,,DownTrend,Yes,,,,Yes,,,
555,RADICO,1095.0,,,,,DownTrend,Yes,,,,,Yes,,
556,RAILTEL,135.0,,,,,DownTrend,Yes,,,,,,,
557,RAIN,184.0,,,,Yes,DownTrend,Yes,,,,,Yes,,
558,RAINBOW,760.0,,,,,DownTrend,Yes,,,,,,,
559,RAJESHEXPO,728.0,,,,,DownTrend,Yes,,,,,,,
560,RAJRATAN,911.0,,,,,DownTrend,Yes,,,,,,,
561,RALLIS,247.0,,,,Yes,DownTrend,,Yes,126,,Yes,,,
562,RAMCOCEM,699.0,,,,,UpTrend,,Yes,,Yes,Yes,,,
563,RATEGAIN,309.0,,,,,DownTrend,,Yes,,,,Yes,,
564,RATNAMANI,1964.0,,,,,DownTrend,,,,,Yes,,,
565,RAYMOND,1530.0,,,,,DownTrend,Yes,,,,,Yes,,
566,RBA,117.0,,,,,DownTrend,Yes,,,,,Yes,,
567,RBLBANK,153.0,,,,,DownTrend,Yes,,,,,Yes,,
568,RCF,128.0,,,,Yes,DownTrend,,Yes,2510,,Yes,,,
569,RECLTD,110.0,,,,Yes,DownTrend,Yes,,,,,Yes,,
570,REDINGTON,185.0,,,,,DownTrend,,Yes,2510,,Yes,,,
571,RELAXO,946.0,,,,,DownTrend,Yes,,,,,Yes,,
572,RELIANCE,2690.0,,,,,DownTrend,Yes,,,,,Yes,,
573,RELIGARE,173.0,,,,,DownTrend,Yes,,,,,,,
574,RELINFRA,156.0,,,,,DownTrend,Yes,,,,Yes,,,
575,RENUKA,61.0,,,,Yes,DownTrend,,Yes,,,Yes,,,
576,RESPONIND,135.0,,,,,DownTrend,Yes,,,,,,,
577,RHIM,793.0,,,,,DownTrend,Yes,,,,,Yes,,
578,RITES,371.0,,,,,DownTrend,Yes,,,,,,,
579,RKFORGE,232.0,,,,,DownTrend,Yes,,,,,Yes,,
580,ROLEXRINGS,1890.0,,,,,DownTrend,Yes,,,,,Yes,,
581,ROSSARI,802.0,,,,,DownTrend,,,,,,,,
582,ROUTE,1343.0,,,,,DownTrend,,,,,,Yes,,
583,RPOWER,15.0,,,,,DownTrend,Yes,,,,,,,
584,RPSGVENT,491.0,,,,Yes,DownTrend,Yes,,,,,Yes,,
585,RTNINDIA,49.0,,,,,DownTrend,,,,,,Yes,,
586,RTNPOWER,4.0,,,,,DownTrend,Yes,,,,,,,
587,RUPA,309.0,,,,,DownTrend,Yes,,,,,Yes,,
588,RVNL,72.0,,,,,DownTrend,Yes,,,,,Yes,,
589,SAFARI,1665.0,,,,,DownTrend,Yes,,,Yes,,,,
590,SAGCEM,251.0,,,,Yes,UpTrend,,Yes,126,,Yes,,,
591,SAIL,85.0,,,,Yes,UpTrend,Yes,,,,,Yes,,
592,SANOFI,5745.0,,,,,UpTrend,,,,,,Yes,,
593,SANSERA,825.0,,,,,DownTrend,,Yes,252,,,Yes,,
594,SAPPHIRE,1397.0,,,,,DownTrend,,Yes,,Yes,Yes,,,
595,SARDAEN,1013.0,,,,,DownTrend,Yes,,,,,Yes,,
596,SAREGAMA,382.0,,,,,UpTrend,,,,,,Yes,,
597,SBCL,424.0,,,,,DownTrend,,Yes,,Yes,,Yes,,
598,SBICARD,817.0,,,,,DownTrend,Yes,,,,,Yes,,
599,SBILIFE,1285.0,,,,,DownTrend,Yes,,,,Yes,,,
600,SBIN,608.0,,,,,DownTrend,,,,,Yes,,,
601,SCHAEFFLER,2683.0,,,,,DownTrend,Yes,,,,,Yes,,
602,SCHNEIDER,166.0,,,,,DownTrend,,,,,,Yes,,
603,SCI,136.0,,,,,DownTrend,Yes,,,Yes,,Yes,,
604,SEAMECLTD,962.0,,,,,DownTrend,Yes,,,,,Yes,,
605,SEQUENT,95.0,,,,,DownTrend,Yes,,,,,Yes,,
606,SFL,2611.0,,,,,DownTrend,,,,,,,,
607,SHARDACROP,488.0,,,,,UpTrend,Yes,,,,Yes,,,
608,SHAREINDIA,1278.0,,,,,DownTrend,Yes,,,,,Yes,,
609,SHILPAMED,303.0,,,,,DownTrend,Yes,,,,,Yes,,
610,SHK,145.0,,,,,DownTrend,,Yes,21,,Yes,,,
611,SHOPERSTOP,700.0,,,,,DownTrend,Yes,,,,,Yes,,
612,SHREECEM,24009.0,,,,,DownTrend,,,,,,Yes,,
613,SHYAMMETL,291.0,,,,,DownTrend,,,,,,,,
614,SIEMENS,2763.0,,,,,DownTrend,,,,,,,,
615,SIS,393.0,,,,,DownTrend,,,,,,,,
616,SIYSIL,568.0,,,,,UpTrend,Yes,,,,Yes,,,
617,SJVN,40.0,,,,,DownTrend,Yes,,,,,Yes,,
618,SKFINDIA,4766.0,,,,,DownTrend,Yes,,,,,,,
619,SOBHA,669.0,,,,,DownTrend,Yes,,,,Yes,,,
620,SOLARA,444.0,,,,,DownTrend,Yes,,,,,,,
621,SOLARINDS,4008.0,,,,,DownTrend,Yes,,,,,Yes,,
622,SOMANYCERA,524.0,,,,,DownTrend,Yes,,,,,Yes,,
623,SONACOMS,459.0,,,,,DownTrend,Yes,,,,,Yes,,
624,SONATSOFTW,593.0,,,,,DownTrend,,Yes,189,,Yes,,,
625,SOUTHBANK,18.0,,,,,DownTrend,,Yes,1008,,Yes,,,
626,SPANDANA,566.0,,,,,DownTrend,Yes,,,,Yes,,,
627,SPARC,251.0,,,,Yes,DownTrend,Yes,,,,,Yes,,
628,SPICEJET,42.0,,,,,DownTrend,,Yes,21,,Yes,,,Yes wait for breakout of resistance => 42.0
629,SPLPETRO,791.0,,,,,UpTrend,Yes,,,,Yes,,,
630,SRF,2385.0,,,,,DownTrend,Yes,,,,,Yes,,
631,SRTRANSFIN,1326.0,,,,,DownTrend,Yes,,,Yes,Yes,,,
632,SSWL,170.0,,,,,UpTrend,Yes,,,,,Yes,,
633,STAR,364.0,,,,Yes,UpTrend,Yes,,,,Yes,,,
634,STARHEALTH,607.0,,,,,DownTrend,Yes,,,,,,,
635,STEELXIND,13.0,,,,,DownTrend,Yes,,,Yes,,Yes,,
636,STLTECH,177.0,,,,,DownTrend,Yes,,,,Yes,,,
637,STOVEKRAFT,599.0,,,,,DownTrend,,,,,,Yes,,
638,SUBEXLTD,33.0,,,,Yes,DownTrend,Yes,,,,,Yes,,
639,SUDARSCHEM,388.0,,,,,DownTrend,,,,,,Yes,,
640,SUMICHEM,474.0,,,,,DownTrend,Yes,,,,,Yes,,
641,SUNCLAYLTD,5206.0,,,,,DownTrend,Yes,,,,,,,
642,SUNDARMFIN,2316.0,,,,,DownTrend,,Yes,,Yes,,Yes,,
643,SUNDRMFAST,928.0,,,,,DownTrend,,Yes,,Yes,Yes,,,
644,SUNPHARMA,1033.0,,,,,DownTrend,,,,,,Yes,,
645,SUNTECK,389.0,,,,,DownTrend,,,,,,,,
646,SUNTV,496.0,,,,,DownTrend,,Yes,,Yes,,Yes,,
647,SUPRAJIT,335.0,,,,,DownTrend,Yes,,,,,,,
648,SUPREMEIND,2464.0,,,,,DownTrend,Yes,,,,,Yes,,
649,SUPRIYA,246.0,,,,Yes,DownTrend,Yes,,,,,Yes,,
650,SURYAROSNI,511.0,,,,,DownTrend,Yes,,,,Yes,,,
651,SURYODAY,107.0,,,,Yes,DownTrend,Yes,,,,Yes,,,
652,SUVENPHAR,460.0,,,,,DownTrend,,,,,,,,
653,SUZLON,10.0,,,,Yes,DownTrend,,Yes,21,,Yes,,,
654,SWANENERGY,274.0,,,,,UpTrend,,Yes,63,,Yes,,,
655,SWSOLAR,286.0,,,,,DownTrend,Yes,,,,,Yes,,
656,SYMPHONY,919.0,,,,,UpTrend,Yes,,,,,Yes,,
657,SYNGENE,598.0,,,,,DownTrend,,,,,,,,
658,SYRMA,279.0,,,,,DownTrend,Yes,,,,,,,
659,TANLA,792.0,,,,,UpTrend,Yes,,,,,Yes,,
660,TARSONS,733.0,,,,,DownTrend,Yes,,,,,Yes,,
661,TASTYBITE,11720.0,,,,,DownTrend,,,,,,,,
662,TATACHEM,1043.0,,,,,DownTrend,,,,,Yes,,,
663,TATACOFFEE,228.0,,,,,DownTrend,,,,,,,,
664,TATACOMM,1292.0,,,,,UpTrend,,,,,,Yes,,
665,TATACONSUM,797.0,,,,,DownTrend,Yes,,,,,Yes,,
666,TATAELXSI,6884.0,,,,,DownTrend,Yes,,,,,Yes,,
667,TATAINVEST,2305.0,,,,,DownTrend,,,,,,,,
668,TATAMETALI,794.0,,,,,UpTrend,Yes,,,,Yes,,,
669,TATAMOTORS,427.0,,,,,DownTrend,,,,,,,,
670,TATAMTRDVR,231.0,,,,,DownTrend,Yes,,,,,Yes,,
671,TATAPOWER,228.0,,,,,UpTrend,,Yes,,,Yes,,,
672,TATASTEEL,112.0,,,,Yes,UpTrend,Yes,,,,Yes,,,
673,TATASTLLP,672.0,,,,,UpTrend,Yes,,,,Yes,,,
674,TATVA,2247.0,,,,,DownTrend,Yes,,,,,,,
675,TCI,664.0,,,,,DownTrend,Yes,,,,Yes,,,
676,TCIEXP,1896.0,,,,,DownTrend,,,,Yes,,Yes,,
677,TCNSBRANDS,596.0,,,,,DownTrend,,,,Yes,Yes,,,Yes wait for breakout of resistance => 596.0999755859375
678,TCS,3385.0,,,,,DownTrend,Yes,,,,,Yes,,
679,TEAMLEASE,2500.0,,,,,UpTrend,,,,,,Yes,,
680,TECHM,1088.0,,,,,DownTrend,Yes,,,,,Yes,,
681,TECHNOE,316.0,,,,Yes,UpTrend,Yes,,,,Yes,,,
682,TEGA,616.0,,,,,DownTrend,Yes,,,,Yes,,,
683,TEJASNET,641.0,,,,,DownTrend,Yes,,,,,Yes,,
684,THERMAX,2040.0,,,,,DownTrend,Yes,,,,,Yes,,
685,THOMASCOOK,76.0,,,,,DownTrend,Yes,,,,,Yes,,
686,THYROCARE,640.0,,,,,UpTrend,Yes,,,,,Yes,,
687,TIDEWATER,1032.0,,,,,DownTrend,Yes,,,,,Yes,,
688,TIIL,893.0,,,,,UpTrend,Yes,,,,,Yes,,
689,TIINDIA,2964.0,,,,,UpTrend,,Yes,2510,,,Yes,,
690,TIMETECHNO,93.0,,,,,DownTrend,Yes,,,,,,,
691,TIMKEN,3496.0,,,,,DownTrend,Yes,,,,,Yes,,
692,TINPLATE,331.0,,,,Yes,UpTrend,Yes,,,,Yes,,,
693,TIRUMALCHM,210.0,,,,,DownTrend,Yes,,,,Yes,,,
694,TITAN,2617.0,,,,,DownTrend,,,,,,Yes,,
695,TORNTPHARM,1615.0,,,,,DownTrend,,,,,,,,
696,TORNTPOWER,543.0,,,,,DownTrend,Yes,,,,,Yes,,
697,TRENT,1475.0,,,,,UpTrend,,Yes,,Yes,,Yes,,
698,TRIDENT,36.0,,,,,UpTrend,Yes,,,,,Yes,,
699,TRITURBINE,286.0,,,,,DownTrend,Yes,,,,,Yes,,
700,TRIVENI,300.0,,,,,DownTrend,Yes,,,,,Yes,,
701,TTKPRESTIG,884.0,,,,,DownTrend,,,,,Yes,,,
702,TTML,99.0,,,,,DownTrend,,,,,,,,
703,TV18BRDCST,40.0,,,,Yes,UpTrend,Yes,,,,,Yes,,
704,TVSMOTOR,1040.0,,,,,DownTrend,Yes,,,,,,,
705,TVTODAY,250.0,,,,,DownTrend,,,,,,Yes,,
706,UBL,1732.0,,,,,UpTrend,Yes,,,,,Yes,,
707,UFLEX,595.0,,,,,DownTrend,Yes,,,,,Yes,,
708,UJJIVANSFB,30.0,,,,,DownTrend,,,,,,Yes,,
709,ULTRACEMCO,7242.0,,,,,DownTrend,Yes,,,,,Yes,,
710,UNIONBANK,88.0,,,,,DownTrend,,Yes,756,,Yes,,,
711,UNOMINDA,549.0,,,,,DownTrend,,,,,,,,
712,UPL,787.0,,,,,DownTrend,Yes,,,,,Yes,,
713,USHAMART,137.0,,,,,DownTrend,,Yes,,,Yes,,,
714,UTIAMC,780.0,,,,,DownTrend,Yes,,,Yes,,Yes,,
715,VAIBHAVGBL,342.0,,,,Yes,UpTrend,Yes,,,,Yes,,,
716,VAKRANGEE,30.0,,,,,DownTrend,Yes,,,,,,,
717,VALIANTORG,662.0,,,,,UpTrend,,,,,,Yes,,
718,VARROC,290.0,,,,,DownTrend,,,,,,Yes,,
719,VBL,1309.0,,,,,UpTrend,Yes,,,,,Yes,,
720,VEDL,314.0,,,,,UpTrend,Yes,,,,,Yes,,
721,VENKEYS,1829.0,,,,,DownTrend,,,,,,Yes,,
722,VESUVIUS,1734.0,,,,,DownTrend,Yes,,,,,Yes,,
723,VGUARD,249.0,,,,,DownTrend,,,,,,Yes,,
724,VIDHIING,368.0,,,,,DownTrend,,,,,,,,
725,VIJAYA,453.0,,,,,DownTrend,Yes,,,,,,,
726,VINATIORGA,2097.0,,,,,DownTrend,Yes,,,,,Yes,,
727,VIPIND,709.0,,,,,DownTrend,,,,,,,,
728,VMART,2796.0,,,,,UpTrend,,,,,,Yes,,
729,VOLTAMP,2624.0,,,,,DownTrend,Yes,,,,,,,
730,VOLTAS,851.0,,,,,DownTrend,Yes,,,,,Yes,,
731,VRLLOG,562.0,,,,,DownTrend,Yes,,,,,Yes,,
732,VSTIND,3472.0,,,,,DownTrend,Yes,,,,,,,
733,VSTTILLERS,2347.0,,,,,DownTrend,,,,,,,,
734,VTL,350.0,,,,Yes,DownTrend,Yes,,,,Yes,,,
735,WABAG,335.0,,,,,DownTrend,Yes,,,,,Yes,,
736,WELCORP,247.0,,,,Yes,DownTrend,Yes,,,,,Yes,,
737,WELENT,165.0,,,,,DownTrend,Yes,,,,,Yes,,
738,WELSPUNIND,78.0,,,,,DownTrend,Yes,,,,,,,
739,WESTLIFE,784.0,,,,,DownTrend,,Yes,,Yes,Yes,,,
740,WHIRLPOOL,1525.0,,,,,DownTrend,,,,,,Yes,,
741,WIPRO,411.0,,,,,DownTrend,Yes,,,,,Yes,,
742,WOCKPHARMA,228.0,,,,,DownTrend,Yes,,,,,Yes,,
743,WSTCSTPAPR,582.0,,,,,DownTrend,Yes,,,,,,,
744,YESBANK,17.0,,,,,DownTrend,,Yes,21,Yes,,,,
745,ZEEL,264.0,,,,Yes,DownTrend,Yes,,,,,Yes,,
746,ZENSARTECH,233.0,,,,,UpTrend,Yes,,,,,Yes,,
747,ZFCVINDIA,9529.0,,,,,DownTrend,,,,Yes,Yes,,,
748,ZOMATO,64.0,,,,,DownTrend,Yes,,,,,,,
749,ZYDUSLIFE,410.0,,,,Yes,UpTrend,Yes,,,,,Yes,,
750,ZYDUSWELL,1614.0,,,,,DownTrend,,,,,,Yes,,
