,Symbol,Volume,Current_Price,200SMATrend,50SMATrend,20SMATrend,RsiOutperformNifty,RsiComparatorTreand,ConsolNarrowRange,BreakoutNarrowRange,BreakoutWideRange,LifeTimeHighZone,VPConvergence,VPDivergence,SellingClimax,PickVolumeBreakout,ObvBreakout,ObvBreakDown,DepressObvBreakout
0,3MINDIA,10545.0,21602.0,No,Yes,No,,,,,,,,Yes,,Before wait for breakout of resistance => 22663,,,Yes
1,AARTIDRUGS,42245.0,449.0,No,No,No,,,,,,,,,,,,,
2,AAVAS,63009.0,1798.0,No,No,No,,,,,,,,,,,,,
3,ABB,155369.0,2689.0,Yes,No,No,,,,,,,,,,,,,Yes
4,ABBOTINDIA,37179.0,21680.0,No,Yes,Yes,,,,,,,Yes,,,,,,
5,ABCAPITAL,7138645.0,154.0,No,No,No,,,,,,,Yes,,,,,,
6,ABFRL,912860.0,285.0,No,No,No,,,,,,,,,,,,,
7,ABSLAMC,38914.0,457.0,No,No,Yes,,,,,,,,Yes,,,,,
8,ACC,356578.0,2442.0,No,Yes,Yes,,,,,,,,Yes,,,,,Yes
9,ACCELYA,22579.0,1411.0,No,Yes,No,,,,,,,,,,,,,
10,ACE,537971.0,310.0,No,No,No,,,,,,,,Yes,,,,,
11,ADANIENT,799549.0,3830.0,Yes,Yes,No,,,,,,,,,,,,,
12,ADANIGREEN,813707.0,1892.0,Yes,No,No,,,,,,,,Yes,,,21,,
13,ADANIPORTS,2073117.0,820.0,No,No,No,,,,,,,,,,,,,
14,ADANITRANS,441126.0,2576.0,Yes,No,No,,,,,,,,,,,,,Yes
15,ADVENZYMES,41961.0,284.0,No,No,No,,,,,,,,,,Before wait for breakout of resistance => 307,,,
16,AEGISCHEM,277148.0,344.0,No,Yes,Yes,,,,,,,,,,,,,
17,AETHER,78968.0,849.0,,No,No,,,,,,,,Yes,,,,,
18,AFFLE,82310.0,1072.0,No,No,No,,,,,,,,,,,,,
19,AGI,105480.0,329.0,No,No,No,,,,,,,,Yes,,,,,Yes
20,AHLUCONT,72480.0,508.0,No,No,Yes,,,,,,,,Yes,,Before wait for breakout of resistance => 518,,,
21,AIAENG,38455.0,2600.0,Yes,Yes,No,,,,,,,,,,,,,
22,AJANTPHARM,102012.0,1200.0,No,No,No,,,,,,,,Yes,,Before wait for breakout of resistance => 1227,,,
23,AKZOINDIA,6049.0,2240.0,No,Yes,No,,,,,,,,Yes,,,,,
24,ALEMBICLTD,167786.0,72.0,No,No,No,,,,,,,,,,,,,
25,ALKEM,39742.0,3028.0,No,No,No,,,,,,,,,,,,,Yes
26,ALKYLAMINE,23511.0,2686.0,No,No,No,,,,,,,,,,,,,Yes
27,ALOKINDS,1019791.0,15.0,No,No,No,,,,,,,,,,,,,
28,AMARAJABAT,595448.0,575.0,No,Yes,No,,,,,,,,,,,,,
29,AMBER,94432.0,1872.0,No,No,No,,,,,,,,Yes,,Before wait for breakout of resistance => 2011,,Yes,
30,AMBUJACEM,3246871.0,530.0,No,Yes,No,,,,,,,,,,,,,
31,AMIORG,30765.0,959.0,No,No,Yes,,,,,,,,,,Before wait for breakout of resistance => 1000,,,
32,AMRUTANJAN,21868.0,725.0,No,No,No,,,,,,,Yes,,,,21,,
33,ANANDRATHI,19256.0,704.0,No,No,No,,,,,,,,Yes,,,21,,
34,ANANTRAJ,3309963.0,109.0,No,No,No,,,,,,,,Yes,,,,,
35,ANDHRSUGAR,161088.0,134.0,No,No,No,,,,,,,,Yes,,Before wait for breakout of resistance => 139,,,
36,ANGELONE,210699.0,1315.0,Yes,No,No,,,,,,,,,,,,,
37,ANURAS,18733.0,693.0,No,No,No,,,,,,,,Yes,,,,,
38,APARINDS,70499.0,1788.0,Yes,Yes,Yes,,,,,,,,Yes,,,,,
39,APCOTEXIND,16819.0,468.0,No,No,No,,,,,,,,Yes,,,,,
40,APLAPOLLO,259696.0,1088.0,No,Yes,No,,,,,,,,,,,,,
41,APLLTD,56963.0,573.0,No,No,No,,,,,,,,,,,,,Yes
42,APOLLOHOSP,430067.0,4490.0,No,Yes,Yes,,,,,,,,Yes,,,,,Yes
43,APOLLOPIPE,20056.0,509.0,No,No,Yes,,,,,,,,,,Before wait for breakout of resistance => 544,,,
44,APOLLOTYRE,3035869.0,325.0,No,No,Yes,,,,,,,Yes,,,,,,
45,APTUS,43194.0,305.0,No,No,No,,,,,,,,Yes,,,,,Yes
46,ARVIND,1037841.0,90.0,No,No,No,,,,,,,,Yes,,,,,
47,ARVINDFASN,100630.0,345.0,No,No,No,,,,,,,,Yes,,,,,
48,ASAHIINDIA,59912.0,517.0,No,No,No,,,,,,,,,,,,,
49,ASHOKA,1184649.0,91.0,No,No,No,,,,,,,,Yes,,,63,,
50,ASHOKLEY,7883974.0,147.0,No,No,No,,,,,,,,Yes,,,,,
51,ASIANPAINT,859905.0,3028.0,No,No,No,,,,,,,,Yes,,,,Yes,
52,ASTEC,16510.0,1789.0,Yes,Yes,No,,,,,,,Yes,,,,,,
53,ASTERDM,233186.0,233.0,No,No,No,,,,,,,,Yes,,,,,Yes
54,ASTRAL,547164.0,2007.0,No,No,Yes,,,,,,,Yes,,,,,,Yes
55,ASTRAMICRO,236877.0,287.0,No,No,No,,,,,,,,Yes,,,,,
56,ASTRAZEN,2041.0,3353.0,No,Yes,Yes,,,,,,,,,,Before wait for breakout of resistance => 3561,,,
57,ATGL,306898.0,3598.0,Yes,Yes,No,,,,,,,,Yes,,,,,Yes
58,ATUL,32823.0,8173.0,No,No,No,,,,,,,,Yes,,,,,
59,AUBANK,1288391.0,651.0,No,No,Yes,,,,,,,,,,,,,
60,AUROPHARMA,1449457.0,441.0,No,No,No,,,,,,,,Yes,,,,,Yes
61,AUTOAXLES,6297.0,2004.0,Yes,No,No,,,,,,,,Yes,,,,,
62,AVANTIFEED,77822.0,390.0,No,No,No,,,,,,,,,,Before wait for breakout of resistance => 391,,Yes,
63,AWL,1215566.0,600.0,No,No,No,,,,,,,,Yes,,,,,
64,AXISBANK,6925831.0,962.0,No,Yes,Yes,,,,,,,Yes,,,,,,
65,BAJAJ-AUTO,218989.0,3601.0,Yes,No,No,,,,,,,,Yes,,,,,Yes
66,BAJAJCON,224796.0,171.0,No,No,No,,,,,,,,Yes,,,,,
67,BAJAJELEC,36517.0,1182.0,No,No,Yes,,,,,,,,Yes,,,,,
68,BAJAJFINSV,1306159.0,1563.0,No,No,No,,,,,,,,,,,,,
69,BAJAJHIND,8580036.0,16.0,No,No,No,,,,,,,,,,,,,
70,BAJAJHLDNG,52152.0,5660.0,Yes,Yes,No,,,,,,,,,,Before wait for breakout of resistance => 6294,,,Yes
71,BAJFINANCE,741605.0,6606.0,No,No,No,,,,,,,,Yes,,,,,
72,BALAMINES,44868.0,2636.0,No,No,No,,,,,,,,Yes,,,,Yes,
73,BALKRISIND,241816.0,2129.0,No,Yes,Yes,,,,,,,,Yes,,,63,,
74,BALMLAWRIE,234438.0,124.0,No,No,No,,,,,,,,Yes,,,,,
75,BALRAMCHIN,2225504.0,402.0,No,No,Yes,,,,,,,,Yes,,,,,
76,BANDHANBNK,6269947.0,240.0,No,No,No,,,,,,,,,,,,,
77,BANKBARODA,19753217.0,187.0,No,No,No,,,,,,,,Yes,,,63,,
78,BANKINDIA,28812391.0,93.0,No,No,No,,,,,,,,Yes,,,,,
79,BARBEQUE,16544.0,976.0,No,No,No,,,,,,,,,,,,,
80,BASF,7801.0,2777.0,No,No,Yes,,,,,,,,Yes,,,,,
81,BATAINDIA,204733.0,1645.0,No,No,No,,,,,,,,,,,,,
82,BAYERCROP,11565.0,4849.0,No,No,Yes,,,,,,,,Yes,,,,,
83,BBTC,30185.0,925.0,No,No,No,,,,,,,,,,,,,
84,BCG,52086289.0,28.0,No,No,No,,,,,,,,Yes,,,,,
85,BDL,246575.0,944.0,Yes,Yes,No,,,,,,,,Yes,,,,,
86,BECTORFOOD,79401.0,433.0,No,Yes,No,,,,,,,,Yes,,,,,
87,BEL,8833451.0,100.0,No,No,No,,,,,,,,,,,,,
88,BEML,80468.0,1522.0,No,No,No,,,,,,,,Yes,,Before wait for breakout of resistance => 1561,21,,
89,BEPL,9534822.0,121.0,No,No,No,,,,,,,Yes,,,Today wait for breakout of resistance => 121.6500015258789,63,,
90,BERGEPAINT,333536.0,579.0,No,No,No,,,,,,,,,,,,,Yes
91,BESTAGRO,27674.0,1533.0,Yes,Yes,No,,,,,,,,Yes,,,,,
92,BFUTILITIE,1137598.0,418.0,No,No,No,,,,,,,Yes,,,,,,
93,BHARATFORG,473048.0,878.0,No,Yes,Yes,,,,,,,,,,,,,
94,BHARATRAS,745.0,9884.0,No,No,No,,,,,,,,,,,,,Yes
95,BHARTIARTL,1717487.0,817.0,No,Yes,No,,,,,,,,,,,,,
96,BHEL,14554865.0,80.0,No,No,No,,,,,,,,,,,,,
97,BIOCON,1276513.0,263.0,No,No,No,,,,,,,,,,,,,
98,BIRLACORPN,57511.0,988.0,No,No,Yes,,,,,,,,,,,,,
99,BLS,605025.0,171.0,No,No,No,,,,,,,,,,,,,
100,BLUEDART,25813.0,7814.0,Yes,No,Yes,,,,,,,Yes,,,,,,
101,BLUESTARCO,276452.0,1204.0,No,Yes,Yes,,,,,,,,Yes,,,,,
102,BOMDYEING,757360.0,80.0,No,No,No,,,,,,,,,,,,,
103,BOROLTD,134939.0,378.0,No,No,No,,,,,,,Yes,,,,,,
104,BORORENEW,138891.0,512.0,No,No,No,,,,,,,,,,,,,Yes
105,BOSCHLTD,6875.0,17133.0,No,Yes,Yes,,,,,,,,,,,,,
106,BPCL,2631494.0,336.0,No,No,No,,,,,,,,Yes,,,,,
107,BRIGADE,149011.0,466.0,No,No,No,,,,,,,,Yes,,,,,
108,BRITANNIA,496956.0,4241.0,No,Yes,Yes,,,,,,,,Yes,,,,Yes,
109,BSE,419224.0,565.0,No,No,No,,,,,,,,Yes,,,,,
110,BSOFT,2514659.0,299.0,No,No,No,,,,,,,Yes,,,,,,
111,BUTTERFLY,2643.0,1568.0,Yes,No,No,,,,,,,,Yes,,Before wait for breakout of resistance => 1588,,,
112,CAMLINFINE,314946.0,161.0,No,No,No,,,,,,,,Yes,,,,,
113,CAMPUS,114100.0,411.0,,No,No,,,,,,,,,,,,,
114,CAMS,39310.0,2214.0,No,No,No,,,,,,,,Yes,,,,,
115,CANBK,11332429.0,336.0,No,Yes,No,,,,,,,Yes,,,,63,,
116,CANFINHOME,500175.0,548.0,No,No,No,,,,,,,,Yes,,,63,,
117,CAPLIPOINT,10757.0,724.0,No,No,No,,,,,,,,Yes,,,,,
118,CARBORUNIV,41090.0,888.0,No,No,Yes,,,,,,,,Yes,,,,,
119,CARERATING,113062.0,617.0,No,No,Yes,,,,,,,,Yes,,,,,
120,CARTRADE,58904.0,482.0,No,No,No,,,,,,,Yes,,,,,,
121,CARYSIL,63276.0,469.0,No,No,No,,,,,,,,Yes,,,,Yes,
122,CASTROLIND,304260.0,125.0,No,No,No,,,,,,,,,,,,,
123,CCL,130266.0,541.0,No,No,No,,,,,,,,Yes,,Before wait for breakout of resistance => 561,,,
124,CDSL,197685.0,1153.0,No,No,No,,,,,,,,Yes,,,,,
125,CEATLTD,62321.0,1637.0,No,Yes,No,,,,,,,,,,Before wait for breakout of resistance => 1706,,,Yes
126,CENTRALBK,17751637.0,32.0,No,No,No,,,,,,,,,,,,,
127,CENTURYPLY,60425.0,516.0,No,No,No,,,,,,,,,,,,,
128,CENTURYTEX,27602.0,726.0,No,No,No,,,,,,,,,,,,,
129,CERA,4068.0,5271.0,No,No,No,,,,,,,,Yes,,Before wait for breakout of resistance => 5506,,,
130,CESC,1279369.0,77.0,No,No,No,,,,,,,,,,,,,
131,CGCL,106521.0,756.0,No,No,No,,,,,,,,Yes,,,,,Yes
132,CGPOWER,752762.0,274.0,No,No,No,,,,,,,,Yes,,,,,
133,CHALET,52548.0,351.0,No,No,No,,,,,,,,Yes,,,,,
134,CHAMBLFERT,782245.0,314.0,No,No,No,,,,,,,,Yes,,,63,,
135,CHEMPLASTS,909812.0,463.0,No,No,Yes,,,,,,,Yes,,,,63,,
136,CHENNPETRO,640343.0,208.0,No,No,No,,,,,,,,,,,,,
137,CHOICEIN,33166.0,257.0,,No,No,,,,,,,Yes,,,,21,,
138,CHOLAFIN,572611.0,728.0,No,No,No,,,,,,,,,,,,,
139,CHOLAHLDNG,28441.0,559.0,No,No,No,,,,,,,,,,,,,
140,CIGNITITEC,137027.0,566.0,No,No,No,,,,,,,Yes,,,,,,
141,CIPLA,952186.0,1075.0,No,No,No,,,,,,,,,,,,,Yes
142,CLEAN,27729.0,1488.0,No,No,No,,,,,,,,Yes,,,,,
143,CMSINFO,194674.0,311.0,No,Yes,No,,,,,,,,Yes,,Before wait for breakout of resistance => 333,,,
144,COALINDIA,3639237.0,224.0,No,No,No,,,,,,,,,,,,,
145,COCHINSHIP,1849378.0,534.0,No,Yes,No,,,,,,,,Yes,,,,,Yes
146,COFORGE,319379.0,4019.0,No,Yes,No,,,,,,,Yes,,,,63,,
147,COLPAL,203428.0,1517.0,No,No,No,,,,,,,,,,,,Yes,
148,CONCOR,938716.0,744.0,No,Yes,No,,,,,,,Yes,,,,,,
149,CONFIPET,2903114.0,81.0,No,No,No,,,,,,,Yes,,,,,,
150,COROMANDEL,335342.0,900.0,No,No,No,,,,,,,,,,,,,
151,COSMOFIRST,54955.0,781.0,No,No,No,,,,,,,,Yes,,Before wait for breakout of resistance => 827,,,
152,CRAFTSMAN,64512.0,3574.0,Yes,Yes,Yes,,,,,,,,Yes,,,,,
153,CREDITACC,67865.0,891.0,Yes,No,No,,,,,,,,,,,,,
154,CRISIL,24349.0,2951.0,Yes,No,No,,,,,,,,Yes,,,,,
155,CROMPTON,728383.0,347.0,No,No,No,,,,,,,,Yes,,,,,
156,CSBBANK,7945756.0,251.0,No,No,Yes,,,,,,,Yes,,Yes,,63,,
157,CUB,1748655.0,178.0,No,No,No,,,,,,,,,,,,,
158,CUMMINSIND,362933.0,1395.0,Yes,Yes,Yes,,,,,,,,,,,,,
159,CYIENT,67779.0,820.0,No,No,No,,,,,,,,,,,,,
160,DAAWAT,1840762.0,119.0,No,No,No,,,,,,,Yes,,,,63,,
161,DABUR,904002.0,560.0,No,No,No,,,,,,,,,,,,,
162,DALBHARAT,114481.0,1872.0,No,Yes,Yes,,,,,,,,Yes,,,,,
163,DALMIASUG,98467.0,388.0,No,No,Yes,,,,,,,,Yes,,Before wait for breakout of resistance => 418,,,
164,DATAMATICS,61330.0,283.0,No,No,No,,,,,,,,,,,,,
165,DATAPATTNS,103760.0,1138.0,No,Yes,No,,,,,,,,,,,,,
166,DBL,1885371.0,223.0,No,No,No,,,,,,,,Yes,,Today wait for breakout of resistance => 223.39999389648438,63,,
167,DBREALTY,166824.0,93.0,No,No,No,,,,,,,,,,,,,
168,DCAL,723630.0,94.0,No,No,No,,,,,,,Yes,,,,,,
169,DCBBANK,2254201.0,130.0,No,No,No,,,,,,,Yes,,,,,,
170,DCMSHRIRAM,8190.0,894.0,No,No,No,,,,,,,,Yes,,Before wait for breakout of resistance => 911,,,
171,DEEPAKFERT,338323.0,693.0,Yes,No,No,,,,,,,,,,,,,
172,DEEPAKNTR,216823.0,1998.0,No,Yes,No,,,,,,,,,,,,,
173,DELHIVERY,336541.0,337.0,,No,No,,,,,,,,,,,,,
174,DELTACORP,1761768.0,216.0,No,No,No,,,,,,,,Yes,,,,,
175,DEN,790527.0,35.0,No,No,No,,,,,,,,,,,,,
176,DEVYANI,807308.0,177.0,No,No,No,,,,,,,,,,,,,
177,DFMFOODS,128406.0,460.0,No,No,Yes,,,,,,,,Yes,,,63,,
178,DHANI,1909387.0,40.0,No,No,No,,,,,,,,,,,,,
179,DHANUKA,6719.0,719.0,No,No,No,,,,,,,,Yes,,,,,
180,DISHTV,6908590.0,18.0,No,No,No,,,,,,,,,,,,,
181,DIVISLAB,244582.0,3393.0,No,No,Yes,,,,,,,,,,,,,Yes
182,DIXON,87250.0,3922.0,No,No,No,,,,,,,,,,,,,Yes
183,DLF,2002727.0,380.0,No,No,No,,,,,,,,,,,,,
184,DMART,113960.0,4060.0,No,No,Yes,,,,,,,,,,,,,
185,DOLATALGO,59805.0,63.0,No,No,No,,,,,,,,,,,,,
186,DOLLAR,39130.0,426.0,No,No,No,,,,,,,,Yes,,,,,
187,DRREDDY,162147.0,4238.0,No,Yes,No,,,,,,,,,,,,,Yes
188,DWARKESH,2166452.0,105.0,No,No,No,,,,,,,,Yes,,Before wait for breakout of resistance => 106,,,
189,EASEMYTRIP,5275736.0,53.0,No,No,No,,,,,,,,,,,,,
190,ECLERX,15771.0,1278.0,No,No,No,,,,,,,,,,,,,
191,EDELWEISS,1219959.0,64.0,No,No,No,,,,,,,,,,,,,
192,EICHERMOT,323223.0,3213.0,Yes,No,No,,,,,,,,,,,,,
193,EIDPARRY,147697.0,575.0,No,No,No,,,,,,,,,,,,,
194,EIHOTEL,314279.0,179.0,No,No,No,,,,,,,,Yes,,,,,
195,EKC,401557.0,100.0,No,No,No,,,,,,,,Yes,,Before wait for breakout of resistance => 101,,,Yes
196,ELECON,268739.0,373.0,No,Yes,No,,,,,,,,Yes,,,,,
197,ELECTCAST,1281589.0,39.0,No,No,No,,,,,,,Yes,,,,,,
198,ELGIEQUIP,213718.0,410.0,No,No,No,,,,,,,,,,Before wait for breakout of resistance => 475,,,
199,EMAMILTD,204904.0,429.0,No,No,No,,,,,,,,Yes,,,,,
200,EMUDHRA,40562.0,309.0,,No,No,,,,,,,,,,,,Yes,
201,ENDURANCE,8035.0,1381.0,No,No,No,,,,,,,,,,Before wait for breakout of resistance => 1499,,,Yes
202,ENGINERSIN,2027041.0,80.0,No,No,No,,,,,,,,Yes,,,,,
203,EPL,168255.0,169.0,No,No,No,,,,,,,,,,Before wait for breakout of resistance => 191,,,
204,EQUITASBNK,2476344.0,59.0,No,No,No,,,,,,,,Yes,,,,,
205,ESABINDIA,5133.0,4253.0,Yes,Yes,Yes,,,,,,,,Yes,,,63,,
206,ESCORTS,305453.0,2166.0,Yes,Yes,No,,,,,,,,Yes,,Before wait for breakout of resistance => 2196,,,
207,ETHOSLTD,11997.0,1015.0,,No,Yes,,,,,,,,Yes,,,,,
208,EVEREADY,32649.0,355.0,No,No,No,,,,,,,,,,Before wait for breakout of resistance => 385,,,Yes
209,EXIDEIND,1729288.0,180.0,No,No,No,,,,,,,,,,,,,
210,FACT,1333036.0,337.0,No,Yes,Yes,,,,,,,,Yes,,,,,
211,FAIRCHEMOR,15673.0,1301.0,No,No,No,,,,,,,,,,Before wait for breakout of resistance => 1625,,,
212,FCL,267839.0,252.0,No,No,No,,,,,,,,,,,,,
213,FDC,53832.0,274.0,No,No,No,,,,,,,,,,,,,
214,FEDERALBNK,24554724.0,137.0,No,No,No,,,,,,,Yes,,,,63,,
215,FILATEX,214079.0,45.0,No,No,No,,,,,,,,,,,,,
216,FINCABLES,366188.0,560.0,No,Yes,No,,,,,,,Yes,,,Before wait for breakout of resistance => 567,,,
217,FINEORG,15166.0,5646.0,Yes,No,No,,,,,,,,,,,,,
218,FINOPB,47220.0,247.0,No,No,Yes,,,,,,,,,,Before wait for breakout of resistance => 262,,,
219,FINPIPE,816028.0,188.0,No,No,Yes,,,,,,,,Yes,,,63,,
220,FLUOROCHEM,38014.0,3100.0,Yes,No,No,,,,,,,,Yes,,,,,
221,FORCEMOT,61049.0,1499.0,No,Yes,No,,,,,,,Yes,,,,63,,
222,FORTIS,280765.0,283.0,No,No,No,,,,,,,,Yes,,Before wait for breakout of resistance => 303,,,
223,FSL,825496.0,103.0,No,No,No,,,,,,,,,,,,,
224,GABRIEL,318032.0,190.0,No,No,No,,,,,,,,Yes,,,,,
225,GAEL,177568.0,253.0,No,No,No,,,,,,,,Yes,,Before wait for breakout of resistance => 254,,,
226,GAIL,6050701.0,96.0,No,No,No,,,,,,,,Yes,,,,,
227,GALAXYSURF,5864.0,2467.0,No,No,No,,,,,,,,,,,,,
228,GANESHHOUC,27164.0,364.0,No,No,No,,,,,,,,Yes,,,,,
229,GARFIBRES,4722.0,3122.0,No,No,No,,,,,,,,,,,,,Yes
230,GATEWAY,300931.0,69.0,,No,No,,,,,,,,Yes,,,,,
231,GATI,246490.0,143.0,No,No,No,,,,,,,,,,Before wait for breakout of resistance => 145,,,
232,GEOJITFSL,272612.0,47.0,No,No,No,,,,,,,,,,,,,
233,GESHIP,182324.0,661.0,No,Yes,Yes,,,,,,,,,,,,,
234,GICRE,8723871.0,196.0,No,No,Yes,,,,,,,,Yes,,,63,,
235,GLAND,95927.0,1575.0,No,No,No,,,,,,,,,,Before wait for breakout of resistance => 1877,,Yes,
236,GLAXO,50783.0,1303.0,No,No,No,,,,,,,,Yes,,,,,
237,GLENMARK,735382.0,434.0,No,No,No,,,,,,,,Yes,,,,,
238,GLOBUSSPR,53980.0,842.0,No,No,Yes,,,,,,,,,,,,,
239,GLS,39872.0,418.0,No,No,No,,,,,,,,,,,,,
240,GMDCLTD,1049264.0,151.0,No,No,No,,,,,,,,Yes,,,,,
241,GMMPFAUDLR,254010.0,1601.0,No,No,No,,,,,,,,,,,,,
242,GMRINFRA,6123079.0,40.0,No,No,No,,,,,,,,,,,,,
243,GNFC,749246.0,567.0,Yes,No,No,,,,,,,,Yes,,,,,
244,GOCOLORS,13747.0,1174.0,No,No,No,,,,,,,,,,,,,
245,GODFRYPHLP,93270.0,1998.0,No,Yes,Yes,,,,,,,,Yes,,,,,
246,GODREJAGRO,33317.0,474.0,No,No,No,,,,,,,,Yes,,,,,
247,GODREJCP,910243.0,892.0,No,No,Yes,,,,,,,Yes,,,,,,
248,GODREJIND,54190.0,438.0,No,No,Yes,,,,,,,,,,,,,
249,GODREJPROP,490937.0,1243.0,No,No,No,,,,,,,,Yes,,,,,
250,GOKEX,79252.0,366.0,No,No,No,,,,,,,,Yes,,,,,
251,GOODYEAR,37921.0,1140.0,No,No,Yes,,,,,,,Yes,,,Before wait for breakout of resistance => 1155,,,Yes
252,GPIL,1139704.0,409.0,No,No,Yes,,,,,,,Yes,,,,63,,
253,GPPL,3493525.0,104.0,No,No,No,,,,,,,,Yes,,,63,,
254,GRANULES,1639085.0,326.0,No,No,No,,,,,,,,Yes,,,,,
255,GRAPHITE,457363.0,384.0,No,No,No,,,,,,,,Yes,,Before wait for breakout of resistance => 390,,,
256,GRASIM,546467.0,1717.0,No,Yes,Yes,,,,,,,,Yes,,,,,
257,GRAVITA,131984.0,449.0,No,Yes,Yes,,,,,,,,Yes,,,,,
258,GREAVESCOT,852027.0,137.0,No,No,No,,,,,,,,Yes,,,,,
259,GREENPANEL,146602.0,341.0,No,No,No,,,,,,,,Yes,,,,,
260,GREENPLY,53451.0,146.0,No,No,No,,,,,,,,,,,,,
261,GRINDWELL,51122.0,1847.0,Yes,No,No,,,,,,,,,,,,,
262,GRINFRA,11051.0,1178.0,No,No,No,,,,,,,,Yes,,,,,
263,GRSE,1734760.0,492.0,No,Yes,No,,,,,,,Yes,,,,,,
264,GRWRHITECH,10628.0,670.0,No,No,No,,,,,,,,,,,,,
265,GSFC,2252791.0,139.0,No,No,No,,,,,,,,Yes,,,,,
266,GSPL,286139.0,272.0,No,No,No,,,,,,,,Yes,,,,,
267,GTLINFRA,10357178.0,1.0,No,No,No,,,,,,,,,,,,,
268,GUFICBIO,86881.0,225.0,No,No,No,,,,,,,,Yes,,Before wait for breakout of resistance => 230,,,
269,GUJALKALI,102507.0,778.0,Yes,No,No,,,,,,,Yes,,,,21,,
270,GUJGASLTD,866133.0,490.0,No,No,No,,,,,,,,,,,,,
271,GULFOILLUB,20160.0,432.0,No,No,No,,,,,,,,,,,,,
272,HAL,554863.0,2539.0,Yes,Yes,No,,,,,,,,,,,,,
273,HAPPSTMNDS,170916.0,887.0,No,No,No,,,,,,,,,,,,,
274,HATHWAY,2313547.0,17.0,No,No,No,,,,,,,,,,Before wait for breakout of resistance => 19,,,
275,HATSUN,39040.0,899.0,No,No,No,,,,,,,,Yes,,Before wait for breakout of resistance => 941,,,
276,HAVELLS,998602.0,1127.0,No,No,No,,,,,,,,Yes,,,,,
277,HBLPOWER,1551055.0,105.0,No,No,No,,,,,,,,Yes,,,,,
278,HCC,45280324.0,21.0,No,No,No,,,,,,,,Yes,,,63,,
279,HCG,42616.0,284.0,No,No,No,,,,,,,,,,,,Yes,
280,HCLTECH,2484318.0,1041.0,No,Yes,No,,,,,,,Yes,,,,,,
281,HDFC,2262442.0,2664.0,No,Yes,No,,,,,,,,Yes,,,,,
282,HDFCAMC,169501.0,2189.0,No,Yes,Yes,,,,,,,,,,Before wait for breakout of resistance => 2273,,,
283,HDFCBANK,4187907.0,1639.0,No,Yes,Yes,,,,,,,,Yes,,,,,
284,HDFCLIFE,10092755.0,595.0,No,No,No,,,,,,,Yes,,,,21,,
285,HEG,306628.0,1077.0,No,No,No,,,,,,,Yes,,,,,,
286,HEIDELBERG,102163.0,189.0,No,No,No,,,,,,,,,,,,,
287,HEMIPROP,1672077.0,112.0,No,No,No,,,,,,,Yes,,,Before wait for breakout of resistance => 113,,,
288,HERANBA,23167.0,500.0,No,No,No,,,,,,,,,,,,,
289,HERITGFOOD,179589.0,371.0,No,No,Yes,,,,,,,Yes,,,,,,
290,HEROMOTOCO,136699.0,2720.0,No,No,No,,,,,,,,,,,,,
291,HFCL,9278764.0,76.0,No,No,No,,,,,,,,,,,,,
292,HGINFRA,325830.0,639.0,No,No,No,,,,,,,Yes,,,,,,
293,HGS,14436.0,1336.0,No,No,Yes,,,,,,,,,,,,,
294,HIKAL,3993225.0,416.0,No,No,Yes,,,,,,,Yes,,,,63,,
295,HIL,8684.0,2716.0,No,No,Yes,,,,,,,Yes,,,,,,
296,HIMATSEIDE,863440.0,83.0,No,No,No,,,,,,,,Yes,,,,,
297,HINDALCO,5903712.0,479.0,No,No,No,,,,,,,,Yes,,,,,
298,HINDCOPPER,4397378.0,116.0,No,No,No,,,,,,,Yes,,,,,,
299,HINDOILEXP,168151.0,139.0,No,No,No,,,,,,,,Yes,,,,,
300,HINDPETRO,1689575.0,237.0,No,No,No,,,,,,,,Yes,,,,,
301,HINDUNILVR,821537.0,2542.0,No,No,Yes,,,,,,,,,,,,Yes,
302,HINDWAREAP,241335.0,459.0,No,No,Yes,,,,,,,Yes,,,,,,
303,HINDZINC,1353520.0,331.0,No,No,No,,,,,,,Yes,,,,63,,
304,HLEGLAS,13935.0,660.0,No,No,No,,,,,,,,Yes,,Before wait for breakout of resistance => 689,,,
305,HNDFDS,9781.0,613.0,No,Yes,No,,,,,,,,,,,,,
306,HOMEFIRST,42469.0,739.0,No,No,No,,,,,,,,Yes,,,,,
307,HONAUT,2516.0,41044.0,No,Yes,Yes,,,,,,,,,,,,,
308,HSCL,936990.0,99.0,No,No,No,,,,,,,,Yes,,,,,
309,HUDCO,7581775.0,53.0,No,No,No,,,,,,,,Yes,,,,,
310,IBREALEST,5365187.0,83.0,No,No,No,,,,,,,,Yes,,,,,
311,IBULHSGFIN,13657223.0,150.0,No,No,No,,,,,,,,Yes,,,,,
312,ICICIBANK,5846160.0,901.0,No,No,No,,,,,,,,,,,,,
313,ICICIGI,1324002.0,1267.0,No,No,Yes,,,,,,,Yes,,,,21,,
314,ICICIPRULI,4107703.0,468.0,No,No,No,,,,,,,Yes,,,,,,
315,ICIL,1096602.0,141.0,No,No,No,,,,,,,Yes,,,Today wait for breakout of resistance => 141.0500030517578,63,,Yes
316,ICRA,29070.0,4929.0,Yes,Yes,Yes,,,,,,,Yes,,,Before wait for breakout of resistance => 5155,,,
317,IDBI,10000026.0,55.0,No,No,No,,,,,,,,Yes,,,,,
318,IDEA,108153946.0,7.0,No,No,No,,,,,,,,,,,,,
319,IDFC,7830025.0,84.0,No,No,No,,,,,,,,Yes,,,63,,
320,IDFCFIRSTB,38932324.0,61.0,No,No,No,,,,,,,,Yes,,,,,
321,IEX,3717628.0,142.0,No,No,No,,,,,,,,Yes,,,,,
322,IFBIND,39846.0,935.0,No,No,No,,,,,,,,,,Before wait for breakout of resistance => 1084,,,
323,IFCI,20363250.0,14.0,No,No,No,,,,,,,,,,,63,,
324,IGL,1123043.0,419.0,No,No,No,,,,,,,,,,,,,
325,IGPL,32989.0,525.0,No,No,No,,,,,,,Yes,,,,,,Yes
326,IIFL,203160.0,466.0,No,Yes,Yes,,,,,,,,,,,,,
327,IIFLSEC,241607.0,66.0,No,No,No,,,,,,,,Yes,,,,,
328,IIFLWAM,37723.0,1775.0,No,Yes,No,,,,,,,,,,Before wait for breakout of resistance => 1815,,,
329,IMFA,234768.0,279.0,No,No,No,,,,,,,Yes,,,,63,,
330,INDHOTEL,1658107.0,320.0,No,No,No,,,,,,,,Yes,,Before wait for breakout of resistance => 321,,,
331,INDIACEM,1735234.0,222.0,No,No,No,,,,,,,,,,,,,
332,INDIAGLYCO,15947.0,775.0,No,No,No,,,,,,,,Yes,,,,,
333,INDIAMART,20726.0,4351.0,No,No,No,,,,,,,,Yes,,,,,
334,INDIANB,1965006.0,296.0,No,Yes,No,,,,,,,,Yes,,,,,
335,INDIGO,321586.0,2040.0,No,No,Yes,,,,,,,,Yes,,,,,
336,INDIGOPNTS,14222.0,1308.0,No,No,No,,,,,,,,Yes,,Before wait for breakout of resistance => 1430,,,
337,INDOCO,75448.0,410.0,No,No,No,,,,,,,,Yes,,Before wait for breakout of resistance => 415,,,
338,INDORAMA,83926.0,59.0,No,No,No,,,,,,,,,,Before wait for breakout of resistance => 64,,,
339,INDOSTAR,35910.0,161.0,No,No,No,,,,,,,Yes,,,,,,
340,INDUSINDBK,2194830.0,1240.0,No,No,Yes,,,,,,,,Yes,,,63,,
341,INDUSTOWER,878615.0,189.0,No,No,No,,,,,,,,,,,,Yes,
342,INEOSSTYRO,51670.0,799.0,No,No,No,,,,,,,Yes,,,,,,
343,INFIBEAM,8684851.0,16.0,No,No,No,,,,,,,,,,,,,
344,INFY,4550173.0,1522.0,No,Yes,No,,,,,,,,,,,,,
345,INGERRAND,9777.0,1928.0,Yes,Yes,No,,,,,,,,,,,,,
346,INOXLEISUR,227093.0,497.0,No,No,No,,,,,,,,,,,,,
347,INOXWIND,289843.0,108.0,No,No,No,,,,,,,,,,,,Yes,
348,INTELLECT,291810.0,447.0,No,No,No,,,,,,,,Yes,,,,,
349,IOB,83019250.0,32.0,No,No,No,,,,,,,,Yes,,,,,
350,IOC,11485237.0,78.0,No,No,No,,,,,,,,Yes,,,,,
351,IOLCP,637241.0,371.0,No,No,Yes,,,,,,,,Yes,,Before wait for breakout of resistance => 399,,,Yes
352,IONEXCHANG,14257.0,2777.0,No,Yes,Yes,,,,,,,,Yes,,,,,
353,IPCALAB,239475.0,849.0,No,No,No,,,,,,,,,,,,,Yes
354,IPL,82962.0,249.0,No,No,No,,,,,,,,,,Before wait for breakout of resistance => 263,,,Yes
355,IRB,8845505.0,314.0,No,No,Yes,,,,,,,Yes,,,,63,,
356,IRCON,10154060.0,60.0,No,No,No,,,,,,,,Yes,,,,,Yes
357,IRCTC,2364166.0,644.0,No,No,No,,,,,,,,,,,,,
358,IRFC,84788891.0,33.0,No,No,No,,,,,,,,Yes,,,63,,
359,ISEC,237532.0,502.0,No,No,No,,,,,,,,,,,,,Yes
360,ISGEC,60871.0,479.0,No,No,No,,,,,,,,Yes,,,,,Yes
361,ITC,5993839.0,331.0,No,No,No,,,,,,,,,,,,,
362,ITI,196896.0,105.0,No,No,No,,,,,,,,,,,,,
363,J&KBANK,10545221.0,57.0,No,No,No,,,,,,,,Yes,,,,,
364,JAICORPLTD,1140281.0,151.0,No,No,No,,,,,,,,,,,,,
365,JAMNAAUTO,255745.0,105.0,No,No,No,,,,,,,,,,,,,
366,JBCHEPHARM,20798.0,1982.0,No,Yes,No,,,,,,,,,,,,,
367,JBMA,236029.0,517.0,No,No,Yes,,,,,,,,Yes,,,,,
368,JCHAC,54882.0,1139.0,No,No,No,,,,,,,Yes,,,,,,
369,JINDALPOLY,41604.0,783.0,No,No,No,,,,,,,,Yes,,Before wait for breakout of resistance => 873,,,Yes
370,JINDALSAW,4025162.0,110.0,No,No,No,,,,,,,Yes,,,,63,,
371,JINDALSTEL,4002411.0,598.0,No,Yes,Yes,,,,,,,,Yes,,,63,,
372,JINDWORLD,106760.0,435.0,No,Yes,Yes,,,,,,,,Yes,,,,,
373,JISLJALEQS,1127306.0,33.0,No,No,No,,,,,,,,,,,,,Yes
374,JKCEMENT,54911.0,2964.0,No,Yes,Yes,,,,,,,,,,,,,
375,JKIL,175916.0,283.0,No,No,No,,,,,,,,Yes,,,63,,
376,JKLAKSHMI,305543.0,787.0,No,Yes,Yes,,,,,,,,,,,,,
377,JKPAPER,358105.0,416.0,No,No,No,,,,,,,,Yes,,Before wait for breakout of resistance => 439,,,
378,JKTYRE,669066.0,188.0,No,No,No,,,,,,,,,,,,,
379,JMFINANCIL,888856.0,73.0,No,No,No,,,,,,,,,,,,,
380,JPASSOCIAT,14348284.0,10.0,No,No,No,,,,,,,,,,,,,
381,JPPOWER,37452508.0,7.0,No,No,No,,,,,,,,,,,,,
382,JSL,2168528.0,248.0,No,Yes,Yes,,,,,,,,Yes,,,,,
383,JSWENERGY,365468.0,289.0,No,No,No,,,,,,,,Yes,,,,,
384,JSWISPL,690505.0,32.0,No,No,No,,,,,,,,Yes,,,,,
385,JSWSTEEL,1635609.0,767.0,No,Yes,Yes,,,,,,,,Yes,,,,,
386,JUBLFOOD,1233620.0,507.0,No,No,No,,,,,,,,,,,,,Yes
387,JUBLINGREA,154775.0,534.0,No,No,No,,,,,,,,,,,,,Yes
388,JUBLPHARMA,165933.0,359.0,No,Yes,No,,,,,,,,,,Before wait for breakout of resistance => 406,,,
389,JUSTDIAL,97688.0,601.0,No,No,No,,,,,,,,Yes,,,,,
390,JYOTHYLAB,131924.0,204.0,No,No,No,,,,,,,,,,,,,
391,KAJARIACER,40171.0,1150.0,No,No,Yes,,,,,,,,Yes,,,,,
392,KALPATPOWR,275518.0,569.0,No,Yes,Yes,,,,,,,,Yes,,,63,,
393,KALYANKJIL,2285043.0,124.0,No,No,Yes,,,,,,,,Yes,,,,,
394,KANSAINER,141964.0,428.0,No,No,No,,,,,,,,Yes,,,,,
395,KARURVYSYA,7275003.0,112.0,No,No,No,,,,,,,Yes,,,,,,Yes
396,KCP,89772.0,113.0,No,No,No,,,,,,,,,,,,,
397,KEC,306544.0,474.0,No,No,Yes,,,,,,,,,,Before wait for breakout of resistance => 479,,,
398,KEI,115418.0,1515.0,Yes,Yes,No,,,,,,,,Yes,,,,,
399,KENNAMET,6698.0,2294.0,Yes,No,No,,,,,,,,,,,,,
400,KIMS,26499.0,1507.0,No,Yes,No,,,,,,,,Yes,,Before wait for breakout of resistance => 1610,,,
401,KIRIINDUS,38867.0,471.0,No,No,No,,,,,,,,,,,,,Yes
402,KIRLFER,205184.0,365.0,No,Yes,Yes,,,,,,,,Yes,,,,,
403,KIRLOSENG,184052.0,316.0,No,Yes,No,,,,,,,,,,,,,
404,KNRCON,592453.0,266.0,No,No,No,,,,,,,Yes,,,,63,,
405,KOLTEPATIL,105649.0,269.0,No,No,No,,,,,,,,,,,,,
406,KOTAKBANK,1663289.0,1832.0,No,No,No,,,,,,,,,,,,,
407,KPITTECH,523379.0,691.0,No,Yes,No,,,,,,,,,,,,,
408,KPRMILL,171327.0,517.0,No,No,No,,,,,,,,Yes,,,,,
409,KRBL,184542.0,393.0,No,Yes,No,,,,,,,,,,,,,
410,KRSNAA,28872.0,457.0,No,No,No,,,,,,,,,,,,,
411,KSB,7003.0,1904.0,Yes,No,No,,,,,,,,Yes,,,,,
412,KSCL,37451.0,512.0,No,Yes,Yes,,,,,,,,,,,,Yes,
413,KTKBANK,3781803.0,158.0,No,Yes,No,,,,,,,Yes,,,,,,
414,L&TFH,8118831.0,90.0,No,No,No,,,,,,,,Yes,,,,,
415,LALPATHLAB,281914.0,2239.0,No,No,No,,,,,,,,,,,,,Yes
416,LAOPALA,61390.0,384.0,No,Yes,No,,,,,,,,,,,,,
417,LATENTVIEW,168465.0,370.0,No,No,No,,,,,,,,Yes,,,21,,
418,LAURUSLABS,1430946.0,377.0,No,No,No,,,,,,,,,,,,,Yes
419,LAXMIMACH,2307.0,12168.0,Yes,Yes,No,,,,,,,,,,,,,
420,LEMONTREE,1374129.0,83.0,No,No,No,,,,,,,,Yes,,,,,
421,LGBBROSLTD,123806.0,724.0,No,No,No,,,,,,,Yes,,,,,,
422,LICHSGFIN,1101931.0,421.0,No,No,Yes,,,,,,,,Yes,,,,,
423,LICI,4839377.0,734.0,,No,Yes,,,,,,,Yes,,,,,,
424,LINDEINDIA,24779.0,3482.0,Yes,No,Yes,,,,,,,,Yes,,,,,
425,LODHA,73678.0,1091.0,No,No,Yes,,,,,,,,Yes,,,,,
426,LT,1259698.0,2088.0,No,Yes,Yes,,,,,,,,,,,,Yes,
427,LTIM,190823.0,4349.0,No,Yes,No,,,,,,,,,,,,,Yes
428,LTTS,201363.0,3707.0,No,Yes,No,,,,,,,,,,Before wait for breakout of resistance => 4159,,,
429,LUPIN,631501.0,737.0,No,Yes,No,,,,,,,,,,,,,Yes
430,LUXIND,17204.0,1654.0,No,No,No,,,,,,,,Yes,,,,,
431,LXCHEM,321061.0,299.0,No,No,No,,,,,,,,,,,,,
432,M&M,1510545.0,1249.0,Yes,No,No,,,,,,,,,,,,,
433,M&MFIN,11104923.0,234.0,No,No,No,,,,,,,Yes,,,,,Yes,
434,MAHABANK,54872789.0,32.0,No,No,No,,,,,,,,Yes,,,,,
435,MAHINDCIE,526304.0,337.0,No,No,Yes,,,,,,,,Yes,,,,,
436,MAHLIFE,49342.0,365.0,No,No,No,,,,,,,,,,,,,
437,MAHLOG,38071.0,503.0,No,No,No,,,,,,,,Yes,,,,,
438,MAHSCOOTER,3053.0,4689.0,No,Yes,No,,,,,,,,Yes,,,,,
439,MAHSEAMLES,493635.0,334.0,No,No,No,,,,,,,Yes,,,,,,
440,MAITHANALL,119500.0,1092.0,No,No,Yes,,,,,,,Yes,,,,63,,
441,MANALIPETC,311549.0,82.0,No,No,No,,,,,,,,Yes,,,,,
442,MANAPPURAM,12926609.0,122.0,No,No,No,,,,,,,Yes,,,,63,,
443,MANINFRA,242156.0,75.0,No,No,No,,,,,,,,,,,,,
444,MANYAVAR,63878.0,1333.0,No,No,No,,,,,,,,Yes,,,,,
445,MAPMYINDIA,102467.0,1055.0,No,No,No,,,,,,,,Yes,,,,,
446,MARICO,490250.0,510.0,No,No,Yes,,,,,,,,,,,,,Yes
447,MARKSANS,960820.0,59.0,No,No,No,,,,,,,,,,,,,
448,MARUTI,493182.0,8382.0,Yes,No,No,,,,,,,,Yes,,,,,
449,MASFIN,67967.0,829.0,No,Yes,No,,,,,,,Yes,,,,,,
450,MASTEK,19240.0,1709.0,No,No,Yes,,,,,,,,,,,,,
451,MATRIMONY,5253.0,590.0,No,No,No,,,,,,,,Yes,,,,,
452,MAXHEALTH,396310.0,446.0,No,No,No,,,,,,,,Yes,,,,,
453,MAYURUNIQ,32898.0,423.0,No,No,No,,,,,,,,Yes,,,,,Yes
454,MAZDOCK,9015403.0,834.0,No,Yes,No,,,,,,,Yes,,,,63,,
455,MCDOWELL-N,750409.0,865.0,No,Yes,No,,,,,,,,,,,,Yes,
456,MCX,1092179.0,1478.0,No,Yes,Yes,,,,,,,,Yes,,,,,Yes
457,MEDPLUS,39246.0,619.0,No,No,No,,,,,,,,,,,,,
458,METROBRAND,142072.0,873.0,No,No,Yes,,,,,,,,Yes,,,,,
459,METROPOLIS,445207.0,1366.0,No,No,No,,,,,,,,Yes,,,,,
460,MFL,54749.0,1191.0,No,No,No,,,,,,,,Yes,,,,,
461,MFSL,1518009.0,709.0,No,No,Yes,,,,,,,Yes,,,,,,
462,MGL,273550.0,856.0,No,No,No,,,,,,,,,,,,,
463,MHRIL,115020.0,268.0,No,No,No,,,,,,,,Yes,,Before wait for breakout of resistance => 290,,,
464,MIDHANI,375426.0,222.0,No,No,No,,,,,,,,Yes,,Before wait for breakout of resistance => 251,,,
465,MINDACORP,161746.0,204.0,No,No,No,,,,,,,,,,,,,
466,MMFL,33914.0,829.0,No,No,No,,,,,,,,Yes,,,,,
467,MMTC,1585397.0,38.0,No,No,No,,,,,,,,,,Before wait for breakout of resistance => 41,,,
468,MOIL,408118.0,170.0,No,No,No,,,,,,,,Yes,,,63,,
469,MOL,467548.0,111.0,No,No,No,,,,,,,,Yes,,,,,
470,MOLDTKPAC,87043.0,989.0,No,No,Yes,,,,,,,Yes,,,,63,,
471,MOREPENLAB,7025182.0,35.0,No,No,No,,,,,,,,,,Before wait for breakout of resistance => 42,,,
472,MOTHERSON,7237906.0,76.0,No,No,No,,,,,,,,Yes,,,,,
473,MOTILALOFS,396584.0,711.0,No,No,Yes,,,,,,,Yes,,,,,,
474,MPHASIS,390417.0,2004.0,No,No,No,,,,,,,,Yes,,,,,
475,MRF,4793.0,88876.0,Yes,Yes,No,,,,,,,,Yes,,,,,
476,MRPL,1920520.0,57.0,No,No,No,,,,,,,,,,,,,
477,MSTCLTD,213303.0,302.0,No,No,No,,,,,,,,,,Before wait for breakout of resistance => 338,,,
478,MSUMI,5929775.0,57.0,,No,No,,,,,,,,Yes,,,,Yes,
479,MTARTECH,72221.0,1600.0,No,No,Yes,,,,,,,,,,Before wait for breakout of resistance => 1737,,,
480,MUTHOOTFIN,302072.0,1087.0,No,Yes,No,,,,,,,,Yes,,,,,
481,NAM-INDIA,520891.0,253.0,No,No,No,,,,,,,,Yes,,,,,
482,NATCOPHARM,181198.0,563.0,No,No,No,,,,,,,,Yes,,,,,
483,NATIONALUM,12995078.0,83.0,No,No,No,,,,,,,,Yes,,,,,
484,NAUKRI,209479.0,3917.0,No,No,Yes,,,,,,,,,,,,,
485,NAVA,1261569.0,256.0,No,No,Yes,,,,,,,,Yes,,,,,
486,NAVINFLUOR,90401.0,4034.0,Yes,No,No,,,,,,,,,,,,,
487,NAVNETEDUL,104212.0,121.0,No,No,No,,,,,,,,,,,,,
488,NAZARA,354003.0,611.0,No,No,No,,,,,,,Yes,,,,,,
489,NBCC,6950062.0,41.0,No,No,No,,,,,,,,Yes,,,63,,
490,NCC,8298667.0,90.0,No,No,No,,,,,,,,Yes,,,,,
491,NEOGEN,37578.0,1249.0,No,No,No,,,,,,,Yes,,,,,,Yes
492,NESCO,46811.0,618.0,No,No,No,,,,,,,,Yes,,Before wait for breakout of resistance => 642,,,
493,NESTLEIND,31393.0,19727.0,No,Yes,Yes,,,,,,,,,,,,,Yes
494,NETWORK18,1051165.0,66.0,No,No,No,,,,,,,,,,Before wait for breakout of resistance => 73,,,
495,NEULANDLAB,55185.0,1714.0,No,Yes,No,,,,,,,Yes,,,Before wait for breakout of resistance => 1938,,,Yes
496,NEWGEN,207729.0,375.0,No,No,No,,,,,,,Yes,,,,21,,
497,NFL,7669297.0,72.0,No,No,No,,,,,,,,Yes,,,,,
498,NH,64812.0,749.0,No,No,No,,,,,,,,,,,,,Yes
499,NHPC,3761723.0,39.0,No,No,No,,,,,,,,,,,,,
500,NIACL,4482624.0,131.0,No,No,Yes,,,,,,,,Yes,,,63,,
501,NLCINDIA,1713800.0,86.0,No,No,No,,,,,,,,,,,,,
502,NOCIL,636667.0,243.0,No,No,No,,,,,,,Yes,,,,,,
503,NRBBEARING,399528.0,158.0,No,No,No,,,,,,,Yes,,,,63,,
504,NTPC,9624595.0,167.0,No,No,No,,,,,,,,,,,,,
505,NUVOCO,126049.0,370.0,No,No,No,,,,,,,,,,,,,
506,NYKAA,3641115.0,153.0,No,No,No,,,,,,,,,,,,,
507,OBEROIRLTY,242670.0,877.0,No,No,No,,,,,,,,Yes,,,,,
508,OFSS,92083.0,2999.0,No,No,No,,,,,,,,Yes,,Before wait for breakout of resistance => 3218,,Yes,
509,OIL,682769.0,211.0,No,No,No,,,,,,,,Yes,,,,,
510,OLECTRA,134568.0,515.0,No,No,No,,,,,,,,,,,,,
511,OMAXE,43647.0,72.0,No,No,No,,,,,,,,,,Before wait for breakout of resistance => 78,,,Yes
512,ONGC,14990122.0,149.0,No,No,No,,,,,,,Yes,,,,,,
513,OPTIEMUS,118464.0,308.0,No,No,Yes,,,,,,,,,,,,,Yes
514,ORIENTCEM,991630.0,131.0,No,No,No,,,,,,,Yes,,,,,,Yes
515,ORIENTELEC,173896.0,262.0,No,No,No,,,,,,,,Yes,,,,,Yes
516,ORISSAMINE,1532.0,2941.0,No,No,Yes,,,,,,,,,,,,,
517,PAGEIND,16769.0,42166.0,Yes,No,No,,,,,,,,,,,,,Yes
518,PAISALO,856992.0,78.0,No,No,No,,,,,,,,,,,,,
519,PANAMAPET,69750.0,353.0,No,Yes,No,,,,,,,,Yes,,Before wait for breakout of resistance => 406,,,
520,PARADEEP,1553132.0,59.0,,No,No,,,,,,,,Yes,,,,,
521,PARAS,67549.0,593.0,No,No,No,,,,,,,,,,,,,
522,PATANJALI,168155.0,1221.0,No,No,No,,,,,,,,Yes,,,,,
523,PAYTM,1210847.0,535.0,No,No,No,,,,,,,,Yes,,,,,
524,PCBL,437658.0,131.0,No,No,No,,,,,,,,,,,,,
525,PDSL,33344.0,350.0,No,No,No,,,,,,,,Yes,,,,,
526,PERSISTENT,394674.0,4048.0,No,Yes,Yes,,,,,,,Yes,,,,,,
527,PETRONET,1173254.0,216.0,No,No,No,,,,,,,,Yes,,,,,
528,PFC,30687824.0,156.0,No,No,No,,,,,,,Yes,,,,63,,
529,PFIZER,4820.0,4393.0,No,Yes,No,,,,,,,,,,,,,
530,PGHH,11326.0,13933.0,No,No,Yes,,,,,,,,Yes,,,,,
531,PGHL,7684.0,4071.0,No,No,No,,,,,,,,,,,,,
532,PHOENIXLTD,103653.0,1431.0,Yes,Yes,No,,,,,,,,Yes,,,21,,
533,PIDILITIND,321659.0,2537.0,No,No,No,,,,,,,,Yes,,,,,Yes
534,PIIND,274339.0,3413.0,No,Yes,Yes,,,,,,,,,,Before wait for breakout of resistance => 3623,,,Yes
535,PNB,78519939.0,57.0,No,No,No,,,,,,,,Yes,,,63,,
536,PNBHOUSING,3761580.0,573.0,No,Yes,Yes,,,,,,,Yes,,,,,,
537,PNCINFRA,1833851.0,307.0,No,No,No,,,,,,,Yes,,,,,,
538,POKARNA,21960.0,380.0,No,No,No,,,,,,,,,,,,,
539,POLICYBZR,973467.0,453.0,No,No,Yes,,,,,,,,,,,,,
540,POLYCAB,132625.0,2590.0,No,Yes,Yes,,,,,,,,,,,,,
541,POLYMED,15327.0,906.0,No,Yes,No,,,,,,,,Yes,,Before wait for breakout of resistance => 1031,,,
542,POLYPLEX,38986.0,1593.0,Yes,No,No,,,,,,,,,,,,,
543,POONAWALLA,2430680.0,303.0,No,No,No,,,,,,,,Yes,,,,,
544,POWERGRID,2154188.0,215.0,No,No,No,,,,,,,,,,,,,
545,POWERINDIA,27286.0,3371.0,Yes,No,Yes,,,,,,,,Yes,,,,,
546,PRAJIND,784980.0,366.0,No,No,No,,,,,,,,Yes,,,,,
547,PRESTIGE,203451.0,469.0,No,No,No,,,,,,,,Yes,,,,,
548,PRINCEPIPE,84065.0,598.0,No,No,Yes,,,,,,,,Yes,,,,,
549,PRIVISCL,10559.0,1146.0,No,No,No,,,,,,,,,,,,,
550,PRSMJOHNSN,256930.0,103.0,No,No,No,,,,,,,,,,Before wait for breakout of resistance => 129,,,
551,PRUDENT,109342.0,1049.0,,Yes,Yes,,,,,,,Yes,,,,,,
552,PSPPROJECT,702854.0,716.0,No,No,Yes,,,,,,,Yes,,,,63,,
553,PVR,118650.0,1714.0,Yes,No,No,,,,,,,,,,,,,
554,QUESS,149077.0,409.0,No,No,No,,,,,,,,,,,,,
555,RADICO,224991.0,1043.0,No,No,No,,,,,,,Yes,,,,,,
556,RAILTEL,1442013.0,128.0,No,No,No,,,,,,,,Yes,,,,,
557,RAIN,1967486.0,179.0,No,No,No,,,,,,,Yes,,,,,,
558,RAINBOW,282581.0,779.0,,Yes,No,,,,,,,Yes,,,,,,
559,RAJESHEXPO,553110.0,749.0,No,Yes,No,,,,,,,Yes,,,,,,
560,RAJRATAN,31199.0,883.0,No,No,No,,,,,,,,Yes,,,,,
561,RALLIS,162498.0,243.0,No,No,No,,,,,,,,,,,,,
562,RAMCOCEM,787684.0,713.0,No,No,Yes,,,,,,,Yes,,,,63,,
563,RATEGAIN,366227.0,295.0,No,No,No,,,,,,,Yes,,,,,,
564,RATNAMANI,25197.0,2020.0,Yes,No,No,,,,,,,Yes,,,,,,
565,RAYMOND,363956.0,1495.0,Yes,Yes,Yes,,,,,,,,Yes,,Before wait for breakout of resistance => 1608,,,
566,RBA,216042.0,113.0,No,No,No,,,,,,,,,,,,,
567,RBLBANK,17645663.0,186.0,No,No,No,,,,,,,Yes,,,,63,,
568,RCF,6175073.0,130.0,No,No,No,,,,,,,,Yes,,,,,
569,RECLTD,27506440.0,123.0,No,No,No,,,,,,,Yes,,,,63,,
570,REDINGTON,4254906.0,190.0,No,No,No,,,,,,,Yes,,,,,,
571,RELAXO,73947.0,900.0,No,No,No,,,,,,,,,,,,,
572,RELIANCE,3532428.0,2557.0,No,Yes,No,,,,,,,,,,,,,
573,RELIGARE,1725260.0,179.0,No,No,No,,,,,,,Yes,,,,,,Yes
574,RELINFRA,788196.0,138.0,No,No,No,,,,,,,,,,,,,
575,RENUKA,7947146.0,58.0,No,No,No,,,,,,,,Yes,,,,,Yes
576,RESPONIND,32376.0,120.0,No,No,No,,,,,,,,,,,,,
577,RHIM,281809.0,864.0,Yes,Yes,Yes,,,,,,,,Yes,,,,,
578,RITES,445521.0,337.0,No,Yes,No,,,,,,,,,,,,,
579,RKFORGE,177607.0,261.0,No,No,Yes,,,,,,,,Yes,,,,,
580,ROLEXRINGS,16017.0,1767.0,No,No,No,,,,,,,,,,,,Yes,
581,ROSSARI,21349.0,726.0,No,No,No,,,,,,,,,,Before wait for breakout of resistance => 754,,,
582,ROUTE,69750.0,1219.0,No,No,No,,,,,,,,Yes,,Before wait for breakout of resistance => 1353,,,
583,RPOWER,11826529.0,14.0,No,No,No,,,,,,,,,,,,,
584,RPSGVENT,26173.0,453.0,No,No,No,,,,,,,,Yes,,,,,
585,RTNINDIA,952038.0,43.0,No,No,No,,,,,,,,,,,,,
586,RTNPOWER,2741151.0,4.0,No,No,No,,,,,,,,,,,,,
587,RUPA,50932.0,282.0,No,No,No,,,,,,,,,,,,,
588,RVNL,21671703.0,71.0,No,No,No,,,,,,,Yes,,,,63,,
589,SAFARI,8146.0,1689.0,Yes,Yes,No,,,,,,,,Yes,,,,,
590,SAGCEM,53276.0,238.0,No,No,Yes,,,,,,,,,,,,,
591,SAIL,37845189.0,88.0,No,No,No,,,,,,,Yes,,,,,,
592,SANOFI,5064.0,5805.0,No,No,Yes,,,,,,,,,,,,,
593,SANSERA,61686.0,763.0,No,Yes,No,,,,,,,,Yes,,,,,
594,SAPPHIRE,37316.0,1326.0,No,No,No,,,,,,,,,,Before wait for breakout of resistance => 1397,,,Yes
595,SARDAEN,80759.0,1117.0,No,Yes,Yes,,,,,,,Yes,,,,63,,
596,SBCL,38811.0,398.0,No,No,No,,,,,,,,Yes,,Before wait for breakout of resistance => 418,,,
597,SBICARD,1083481.0,792.0,No,No,No,,,,,,,,,,,,Yes,
598,SBILIFE,1871260.0,1268.0,No,No,No,,,,,,,Yes,,,,63,,
599,SBIN,6816158.0,612.0,No,Yes,No,,,,,,,,Yes,,,63,,
600,SCHAEFFLER,64268.0,2752.0,Yes,No,No,,,,,,,,Yes,,,,,Yes
601,SCHNEIDER,197861.0,163.0,No,No,No,,,,,,,,Yes,,,,,
602,SEAMECLTD,2636.0,891.0,No,No,No,,,,,,,,,,Before wait for breakout of resistance => 1087,,,
603,SEQUENT,428640.0,87.0,No,No,No,,,,,,,,,,Before wait for breakout of resistance => 94,,,
604,SFL,16314.0,1291.0,No,No,No,,,,,,,,Yes,,,,,
605,SHARDACROP,197293.0,504.0,Yes,No,Yes,,,,,,,,Yes,,,,,
606,SHAREINDIA,52215.0,1210.0,Yes,Yes,No,,,,,,,,,,Before wait for breakout of resistance => 1251,,,
607,SHILPAMED,326313.0,286.0,No,No,No,,,,,,,,Yes,,Before wait for breakout of resistance => 289,,,
608,SHK,190333.0,143.0,No,No,No,,,,,,,Yes,,,,,,
609,SHOPERSTOP,22260.0,703.0,Yes,No,No,,,,,,,,Yes,,,,,
610,SHREECEM,20747.0,23732.0,No,Yes,Yes,,,,,,,,,,,,,
611,SHRIRAMFIN,436989.0,1370.0,No,No,Yes,,,,,,,,Yes,,,,,
612,SHYAMMETL,292709.0,327.0,No,No,No,,,,,,,,Yes,,,63,,
613,SIEMENS,90679.0,2837.0,Yes,No,Yes,,,,,,,,,,Before wait for breakout of resistance => 2905,,,
614,SIS,41640.0,389.0,No,No,No,,,,,,,,Yes,,,,,
615,SIYSIL,36919.0,528.0,No,Yes,Yes,,,,,,,,,,Before wait for breakout of resistance => 537,,,
616,SJVN,3573755.0,35.0,No,No,No,,,,,,,,,,,,,
617,SKFINDIA,9248.0,4577.0,Yes,Yes,No,,,,,,,,,,,,,
618,SOBHA,118183.0,592.0,No,No,No,,,,,,,,Yes,,,,,
619,SOLARA,56498.0,438.0,No,No,No,,,,,,,,Yes,,Before wait for breakout of resistance => 461,,,
620,SOLARINDS,69527.0,4496.0,Yes,Yes,Yes,,,,,,,Yes,,,,63,,
621,SOMANYCERA,17815.0,474.0,No,No,No,,,,,,,,,,,,,
622,SONACOMS,556643.0,415.0,No,No,No,,,,,,,,,,,,,
623,SONATSOFTW,116962.0,577.0,No,No,No,,,,,,,,Yes,,,,,
624,SOUTHBANK,133169991.0,20.0,No,No,No,,,,,,,Yes,,,,,,
625,SPANDANA,41699.0,603.0,No,No,No,,,,,,,,Yes,,,21,,
626,SPARC,211001.0,210.0,No,No,No,,,,,,,,,,Before wait for breakout of resistance => 215,,,
627,SPICEJET,1855914.0,38.0,No,No,No,,,,,,,,,,Before wait for breakout of resistance => 42,,,
628,SPLPETRO,56683.0,797.0,No,No,No,,,,,,,Yes,,,,,,
629,SRF,741035.0,2302.0,Yes,No,No,,,,,,,,Yes,,,,,
630,SSWL,341355.0,163.0,No,No,No,,,,,,,Yes,,,,21,,
631,STAR,483668.0,366.0,No,No,Yes,,,,,,,,Yes,,,,,
632,STARCEMENT,127118.0,113.0,No,No,No,,,,,,,,,,,,,
633,STARHEALTH,141493.0,583.0,No,No,No,,,,,,,,Yes,,Before wait for breakout of resistance => 619,,,
634,STEELXIND,3400927.0,14.0,No,No,No,,,,,,,,,,,,,
635,STLTECH,559899.0,175.0,No,No,No,,,,,,,,Yes,,Before wait for breakout of resistance => 186,,,
636,STOVEKRAFT,594370.0,555.0,No,No,No,,,,,,,Yes,,,,,,
637,SUBEXLTD,5063279.0,33.0,No,No,No,,,,,,,,,,,,,
638,SUDARSCHEM,38212.0,386.0,No,No,No,,,,,,,,Yes,,Before wait for breakout of resistance => 396,,,
639,SUMICHEM,136861.0,488.0,No,No,No,,,,,,,,Yes,,,,,
640,SUNDARMFIN,22597.0,2301.0,No,Yes,Yes,,,,,,,,,,,,,Yes
641,SUNDRMFAST,28496.0,960.0,No,Yes,Yes,,,,,,,,Yes,,,,,
642,SUNPHARMA,1809691.0,1009.0,No,Yes,No,,,,,,,,Yes,,,,,
643,SUNTECK,502347.0,343.0,No,No,No,,,,,,,,Yes,,,,,
644,SUNTV,1094764.0,486.0,No,No,No,,,,,,,,Yes,,,,,
645,SUPRAJIT,175077.0,329.0,No,No,No,,,,,,,,,,,,,
646,SUPREMEIND,55355.0,2384.0,No,Yes,Yes,,,,,,,,,,,,Yes,
647,SUPRIYA,93204.0,239.0,No,No,No,,,,,,,,Yes,,,,,
648,SURYAROSNI,177349.0,514.0,No,No,Yes,,,,,,,,Yes,,,,,
649,SURYODAY,520870.0,121.0,No,No,No,,,,,,,,Yes,,Before wait for breakout of resistance => 123,,,
650,SUVENPHAR,1420089.0,493.0,No,No,No,,,,,,,Yes,,,,,,Yes
651,SUZLON,125972890.0,10.0,No,No,No,,,,,,,,,,,,,
652,SWANENERGY,4251670.0,329.0,No,No,Yes,,,,,,,Yes,,,Today wait for breakout of resistance => 329.6499938964844,63,,
653,SWSOLAR,137986.0,270.0,No,No,No,,,,,,,,,,,,,
654,SYMPHONY,13502.0,933.0,No,No,Yes,,,,,,,,Yes,,,,,
655,SYNGENE,518994.0,590.0,No,No,No,,,,,,,Yes,,,,,,
656,SYRMA,165924.0,277.0,,No,No,,,,,,,,,,Before wait for breakout of resistance => 305,,,
657,TANLA,97624.0,717.0,No,No,No,,,,,,,,,,Before wait for breakout of resistance => 818,,,
658,TARSONS,78159.0,685.0,No,No,No,,,,,,,,Yes,,,,,
659,TASTYBITE,217.0,10532.0,No,No,No,,,,,,,,,,,,,
660,TATACHEM,497882.0,941.0,No,No,No,,,,,,,,,,,,,
661,TATACOFFEE,582590.0,220.0,No,No,No,,,,,,,,Yes,,,63,,
662,TATACOMM,1068886.0,1336.0,No,Yes,No,,,,,,,Yes,,,,,,
663,TATACONSUM,785340.0,767.0,No,No,No,,,,,,,,,,,,,Yes
664,TATAELXSI,206172.0,6416.0,Yes,No,No,,,,,,,,Yes,,,,,
665,TATAINVEST,17821.0,2105.0,Yes,Yes,No,,,,,,,,,,,,,
666,TATAMETALI,194042.0,834.0,No,No,No,,,,,,,Yes,,,,,,
667,TATAMOTORS,9424652.0,393.0,No,No,No,,,,,,,,,,,,,
668,TATAMTRDVR,866497.0,212.0,No,No,No,,,,,,,,Yes,,,,,
669,TATAPOWER,7232192.0,211.0,No,No,No,,,,,,,,,,,,,
670,TATASTEEL,74375885.0,118.0,No,No,No,,,,,,,Yes,,,,,,
671,TATASTLLP,99324.0,705.0,No,No,No,,,,,,,Yes,,,,,,
672,TATVA,27570.0,2143.0,No,No,No,,,,,,,,Yes,,,,Yes,
673,TCI,26274.0,619.0,No,No,No,,,,,,,,,,,,,
674,TCIEXP,12272.0,1796.0,No,No,No,,,,,,,,,,,,,
675,TCNSBRANDS,11950.0,536.0,No,No,No,,,,,,,,,,Before wait for breakout of resistance => 596,,,
676,TCS,1244685.0,3311.0,No,Yes,No,,,,,,,,Yes,,,,,
677,TEAMLEASE,72268.0,2527.0,No,No,Yes,,,,,,,Yes,,,,21,,
678,TECHM,1439523.0,1023.0,No,No,No,,,,,,,,Yes,,,,,Yes
679,TECHNOE,135829.0,343.0,No,No,Yes,,,,,,,,Yes,,,,,
680,TEGA,19967.0,581.0,No,No,Yes,,,,,,,,,,,,,
681,TEJASNET,327160.0,601.0,No,No,No,,,,,,,,Yes,,,,,
682,THERMAX,13515.0,1955.0,Yes,No,No,,,,,,,,,,,,,
683,THOMASCOOK,486612.0,74.0,No,No,No,,,,,,,,,,Before wait for breakout of resistance => 83,,,
684,THYROCARE,136415.0,614.0,No,No,No,,,,,,,,,,,,,Yes
685,TIDEWATER,23714.0,1000.0,No,No,No,,,,,,,,,,Before wait for breakout of resistance => 1107,,,
686,TIIL,2502.0,900.0,No,No,Yes,,,,,,,,,,,,,
687,TIINDIA,146540.0,2785.0,Yes,Yes,Yes,,,,,,,,,,,,,
688,TIMETECHNO,2279992.0,95.0,No,No,No,,,,,,,Yes,,,,63,,
689,TIMKEN,41139.0,3158.0,Yes,Yes,No,,,,,,,,,,Before wait for breakout of resistance => 3506,,,
690,TINPLATE,370276.0,349.0,No,No,No,,,,,,,Yes,,,,,,
691,TIRUMALCHM,1133080.0,210.0,No,No,No,,,,,,,Yes,,,Before wait for breakout of resistance => 215,63,,Yes
692,TITAN,852171.0,2613.0,Yes,No,No,,,,,,,,Yes,,,,,
693,TMB,82219.0,483.0,,No,No,,,,,,,,,,Before wait for breakout of resistance => 528,,,
694,TORNTPHARM,449416.0,1544.0,No,Yes,No,,,,,,,,Yes,,,,Yes,
695,TORNTPOWER,266399.0,499.0,No,No,No,,,,,,,,,,,,,
696,TRENT,233728.0,1347.0,Yes,No,No,,,,,,,,,,,,,
697,TRIDENT,3503443.0,34.0,No,No,No,,,,,,,,,,,,,
698,TRITURBINE,1218086.0,244.0,No,Yes,No,,,,,,,,Yes,,,,Yes,
699,TRIVENI,338991.0,283.0,No,No,No,,,,,,,,,,,,,Yes
700,TTKPRESTIG,26063.0,802.0,No,No,No,,,,,,,,,,Before wait for breakout of resistance => 817,,,Yes
701,TTML,1173787.0,91.0,No,No,No,,,,,,,,,,,,,
702,TV18BRDCST,3340255.0,37.0,No,No,No,,,,,,,,,,,,,
703,TVSMOTOR,2199185.0,1041.0,Yes,No,No,,,,,,,,Yes,,Before wait for breakout of resistance => 1048,,,
704,TVTODAY,25053.0,247.0,No,No,No,,,,,,,,Yes,,,,,
705,UBL,225592.0,1669.0,No,No,Yes,,,,,,,,Yes,,,,,
706,UCOBANK,70786050.0,32.0,No,No,No,,,,,,,,,,,,,
707,UFLEX,49841.0,559.0,No,No,No,,,,,,,,,,,,,
708,UJJIVANSFB,11656713.0,30.0,No,No,No,,,,,,,,Yes,,,,,
709,ULTRACEMCO,188262.0,6993.0,No,Yes,Yes,,,,,,,,,,,,,
710,UNIONBANK,20938395.0,82.0,No,No,No,,,,,,,,,,,,,
711,UNOMINDA,307306.0,526.0,No,No,No,,,,,,,,,,,,,
712,UPL,1276849.0,719.0,No,No,No,,,,,,,,,,,,Yes,
713,USHAMART,3319139.0,190.0,No,No,No,,,,,,,Yes,,,,63,,
714,UTIAMC,409959.0,846.0,No,No,Yes,,,,,,,,Yes,,Before wait for breakout of resistance => 859,,,
715,VAIBHAVGBL,289255.0,305.0,No,No,No,,,,,,,,Yes,,,,Yes,
716,VAKRANGEE,1858049.0,28.0,No,No,No,,,,,,,,Yes,,,,,
717,VALIANTORG,21450.0,589.0,No,No,No,,,,,,,,,,,,,
718,VARROC,115374.0,299.0,No,No,No,,,,,,,,Yes,,,,,
719,VBL,782019.0,1306.0,Yes,Yes,Yes,,,,,,,,,,,,,
720,VEDL,10676367.0,319.0,No,No,No,,,,,,,Yes,,,,63,,
721,VENKEYS,64915.0,1931.0,No,No,Yes,,,,,,,Yes,,,Before wait for breakout of resistance => 2044,63,,Yes
722,VESUVIUS,17132.0,1607.0,No,Yes,No,,,,,,,,Yes,,Before wait for breakout of resistance => 1701,,,
723,VGUARD,143666.0,261.0,No,No,No,,,,,,,,,,,,,
724,VIDHIING,29875.0,376.0,No,No,No,,,,,,,,Yes,,,,,
725,VIJAYA,283127.0,414.0,No,No,No,,,,,,,,,,,,,
726,VINATIORGA,26638.0,2001.0,No,No,No,,,,,,,,Yes,,,,,
727,VIPIND,187629.0,680.0,No,Yes,No,,,,,,,,Yes,,,,,
728,VMART,95683.0,2987.0,No,No,Yes,,,,,,,Yes,,,,,,Yes
729,VOLTAMP,9056.0,2697.0,Yes,Yes,No,,,,,,,,Yes,,,,,
730,VOLTAS,542997.0,808.0,No,No,No,,,,,,,,,,,,,
731,VRLLOG,59358.0,546.0,Yes,No,No,,,,,,,,,,,,,
732,VSTIND,2385.0,3284.0,No,Yes,No,,,,,,,,,,Before wait for breakout of resistance => 3487,,,
733,VSTTILLERS,6960.0,2291.0,No,No,No,,,,,,,,,,,,,
734,VTL,411288.0,323.0,No,No,No,,,,,,,,Yes,,,,Yes,
735,WABAG,676966.0,336.0,No,Yes,Yes,,,,,,,,,,Before wait for breakout of resistance => 368,,,
736,WELCORP,425148.0,233.0,No,No,No,,,,,,,,Yes,,,,,
737,WELENT,1268435.0,169.0,No,No,No,,,,,,,Yes,,,,,,
738,WELSPUNIND,412078.0,76.0,No,No,No,,,,,,,,,,,,,
739,WESTLIFE,84447.0,763.0,No,Yes,No,,,,,,,,,,,,,
740,WHIRLPOOL,133936.0,1515.0,No,No,No,,,,,,,Yes,,,,,,
741,WIPRO,2996435.0,397.0,No,No,No,,,,,,,,Yes,,,,,
742,WOCKPHARMA,2079993.0,229.0,No,No,No,,,,,,,Yes,,,Before wait for breakout of resistance => 236,,,
743,WSTCSTPAPR,96668.0,537.0,Yes,No,No,,,,,,,,Yes,,,,,
744,YESBANK,339684334.0,22.0,No,No,No,,,,,,,,Yes,,,63,,
745,ZEEL,5315656.0,240.0,No,No,No,,,,,,,,Yes,,,,,
746,ZENSARTECH,533067.0,215.0,No,No,No,,,,,,,,,,,,,
747,ZFCVINDIA,3647.0,8958.0,Yes,No,No,,,,,,,,,,,,,Yes
748,ZOMATO,49691262.0,58.0,No,No,No,,,,,,,,Yes,,Before wait for breakout of resistance => 65,,,
749,ZYDUSLIFE,625497.0,424.0,No,No,No,,,,,,,,Yes,,,21,,
